strain,virus,gisaid_epi_isl,genbank_accession,genbank_accession_rev,sra_accession,date,region,country,division,location,region_exposure,country_exposure,division_exposure,segment,length,host,age,sex,Nextstrain_clade,pango_lineage,GISAID_clade,originating_lab,submitting_lab,authors,url,title,paper_url,date_submitted,date_updated,sampling_strategy,database,clade_nextstrain,clade_who,Nextclade_pango,immune_escape,ace2_binding,missing_data,divergence,nonACGTN,coverage,rare_mutations,reversion_mutations,potential_contaminants,QC_missing_data,QC_mixed_sites,QC_rare_mutations,QC_snp_clusters,QC_frame_shifts,QC_stop_codons,QC_overall_score,QC_overall_status,frame_shifts,deletions,insertions,substitutions,aaSubstitutions,clock_deviation,rn
FRA/IHUCOVID-015332/2021,ncov,?,OQ896588,OQ896588.1,,2021-01,Europe,France,France,,Europe,France,France,genome,29702,"Homo sapiens",?,?,19B,A.23.1,?,?,"IHU Mediterranee Infection, IHU Mediterranee Infection","Colson et al",https://www.ncbi.nlm.nih.gov/nuccore/OQ896588,,?,2023-05-01,2023-05-01,?,genbank,19B,,A.23.1,?,?,481.0,27.0,0.0,0.977192923786911,7.0,0.0,2.0,good,good,good,good,good,good,8.956341,good,,,,"C4573T,C8782T,A10323G,G11230T,G11266T,A11298G,G11521T,A14041G,C16575T,C17745T,G19999T,G21867T,C22000T,C22033A,G22661T,G23401T,C23604G,T24097C,C25207T,T27986C,T28144C,G28167A,G28230T,G28378C,G28878A,G29742A,G29745T","N:S202N,ORF1a:K3353R,ORF1a:M3655I,ORF1a:L3667F,ORF1a:K3678R,ORF1a:M3752I,ORF1b:I192V,ORF1b:V2178F,ORF8:L84S,ORF8:E92K,ORF8:D113Y,ORF9b:R32P,S:R102I,S:F157L,S:V367F,S:Q613H,S:P681R",?,1
humans/USA/WA-PHL-007020/2021,ncov,EPI_ISL_7506979,PP630509,PP630509.1,,2021-11-18,"North America",USA,Washington,"Thurston County WA","North America",USA,Washington,genome,29769,"Homo sapiens",?,?,"21A (Delta)",AY.13,?,?,"Washington State Department of Health, Public Health Laboratories","MacKellar et al",https://www.ncbi.nlm.nih.gov/nuccore/PP630509,,?,2024-04-11,2024-04-11,?,genbank,21A,Delta,AY.13,?,?,497.0,45.0,0.0,0.979333177273183,11.0,0.0,1.0,good,good,good,good,good,good,9.039304,good,,"22029-22034,28248-28253,28271",,"G210T,C241T,C832T,T1175C,C1191T,C1267T,C2662T,C3037T,C5184T,G6416T,G7553T,C9857T,C9891T,C10605A,T11418C,T12946C,T13234G,C14408T,G15451A,C16466T,A17406G,C18176T,A18468G,G18523T,A20262G,C21618G,T21657A,G21987A,C22264T,T22917G,C22995A,A23403G,C23604G,G24410A,C25469T,C26645T,T26767C,T27638C,C27739T,C27752T,A28461G,G28881T,C29095T,G29402T,G29742T","M:I82T,N:D63G,N:R203M,N:D377Y,ORF1a:Y304H,ORF1a:P309L,ORF1a:P1640L,ORF1a:V2051L,ORF1a:V2430F,ORF1a:A3209V,ORF1a:P3447H,ORF1a:V3718A,ORF1b:P314L,ORF1b:G662S,ORF1b:P1000L,ORF1b:P1570L,ORF1b:V1686L,ORF3a:S26L,ORF7a:V82A,ORF7a:L116F,ORF7a:T120I,ORF9b:T60A,S:T19R,S:F32Y,S:G142D,S:R158G,S:L452R,S:T478K,S:D614G,S:P681R,S:D950N",3.0,1
USA/MA-CDCBI-CRSP_WUNEF3YGA4PUQ74K/2021,ncov,EPI_ISL_7135951,OL714154,OL714154.1,SRR17127075,2021-11-18,"North America",USA,Massachusetts,,"North America",USA,Massachusetts,genome,29869,"Homo sapiens",?,?,"21J (Delta)",AY.25,?,"Broad Institute Clinical Research Sequencing Platform","Broad Institute of Harvard and MIT, Infectious Disease Program","Lemieux et al",https://www.ncbi.nlm.nih.gov/nuccore/OL714154,,?,2021-12-04,2021-12-04,?,genbank,21J,Delta,AY.25,?,?,499.0,49.0,0.0,0.982610440424038,15.0,0.0,0.0,good,good,good,good,good,good,9.050168,good,,"22029-22034,28248-28253,28271",,"G210T,C241T,A2526G,C2610T,C3037T,G4181T,C6402T,C7124T,A8681G,C8986T,G9053T,C9491T,C10029T,C11152T,A11201G,A11332G,G12749A,C12750G,G12753A,C12754T,G12758A,C14408T,G15451A,C16466T,C19220T,C19983T,C21618G,C21897T,G21987A,T22917G,C22995A,A23403G,C23604G,G24410A,C25469T,G26107C,T26767C,A26927G,G27420A,A27507C,T27638C,C27752T,C27874T,A28461G,C28677T,G28881T,G28916T,G29402T,G29742T","M:I82T,N:D63G,N:T135I,N:R203M,N:G215C,N:D377Y,ORF1a:E754G,ORF1a:P782L,ORF1a:A1306S,ORF1a:P2046L,ORF1a:P2287S,ORF1a:I2806V,ORF1a:V2930L,ORF1a:H3076Y,ORF1a:T3255I,ORF1a:T3646A,ORF1a:A4162S,ORF1a:C4163Y,ORF1a:D4165N,ORF1b:P314L,ORF1b:G662S,ORF1b:P1000L,ORF1b:A1918V,ORF3a:S26L,ORF3a:E239Q,ORF7a:V82A,ORF7a:T120I,ORF7b:T40I,ORF9b:T60A,S:T19R,S:S112L,S:G142D,S:R158G,S:L452R,S:T478K,S:D614G,S:P681R,S:D950N",5.0,1
USA/MN-CDC-IBX566627240082/2021,ncov,EPI_ISL_4343906,OK204161,OK204161.1,SRR15945910,2021-08-31,"North America",USA,Minnesota,,"North America",USA,Minnesota,genome,29798,"Homo sapiens",?,?,"21I (Delta)",AY.75,?,"Infinity Biologix","Centers for Disease Control and Prevention, Respiratory Viruses Branch, Division of Viral Diseases","Howard et al",https://www.ncbi.nlm.nih.gov/nuccore/OK204161,,?,2021-09-21,2025-01-30,?,genbank,21I,Delta,AY.75,?,?,499.0,33.0,0.0,0.980503628398488,4.0,1.0,1.0,good,good,good,good,good,good,9.050168,good,ORF3a:260-276,"22029-22034,26161-26168,28248-28253,28271",,"G210T,C241T,C3037T,C5184T,A5584G,G7393T,C9891T,T11418C,C11514T,C13019T,C14408T,G15451A,C16466T,C21618G,C21622T,C22227T,T22917G,C22995A,A23403G,C23604G,G24410A,C25469T,G26062T,T26767C,G27112A,G27516A,T27638C,C27752T,A28461G,G28881T,G29402T,C29738A,G29742T","M:I82T,M:S197N,N:D63G,N:R203M,N:D377Y,ORF1a:P1640L,ORF1a:A3209V,ORF1a:V3718A,ORF1a:T3750I,ORF1b:P314L,ORF1b:G662S,ORF1b:P1000L,ORF3a:S26L,ORF3a:G224C,ORF7a:V82A,ORF7a:T120I,ORF9b:T60A,S:T19R,S:R158G,S:A222V,S:L452R,S:T478K,S:D614G,S:P681R,S:D950N",-3.0,1
USA/CA-CDC-ASC210715965/2021,ncov,EPI_ISL_7939246,OL926066,OL926066.1,SRR19306253,2021-11-21,"North America",USA,California,,"North America",USA,California,genome,29822,"Homo sapiens",50,Male,19A,B,?,"Aegis Sciences Corporation","Centers for Disease Control and Prevention, Respiratory Viruses Branch, Division of Viral Diseases","Howard et al",https://www.ncbi.nlm.nih.gov/nuccore/OL926066,,?,2021-12-20,2021-12-20,?,genbank,19A,,B,?,?,439.0,7.0,0.0,0.982844530649099,5.0,0.0,2.0,good,good,good,good,good,good,8.771979,good,,"28248-28253,28271",,"T6247C,A11024C,T11025G,C15141T,T23284C,A23403G,C23604G","ORF1a:I3587R,S:D614G,S:P681R",-25.0,1
USA/NY-NYCPHL-001713/2020,ncov,EPI_ISL_823844,PP601887,PP601887.1,,2020-12-09,"North America",USA,USA,,"North America",USA,USA,genome,29775,"Homo sapiens",?,?,20B,B.1.1.265,?,?,"NYC DOHMH, Bureau of the Public Health Laboratory","Amin et al",https://www.ncbi.nlm.nih.gov/nuccore/PP601887,,?,2024-04-09,2024-04-09,?,genbank,20B,,B.1.1.265,?,?,498.0,23.0,0.0,0.979299735812461,14.0,0.0,0.0,good,good,good,good,good,good,9.044722,good,,29756-29762,,"C241T,C593T,A1673G,C1884T,G2086T,C3037T,C5622T,C6500T,C11005A,C11195T,C14408T,C16329T,C20936T,C22713T,A23403G,C25714T,C26111T,A28624T,G28881A,G28882A,G28883C,C29296T,A29379G","N:R203K,N:G204R,N:K369R,ORF1a:H110Y,ORF1a:N470D,ORF1a:A540V,ORF1a:Q607H,ORF1a:P1786L,ORF1a:P2079S,ORF1a:H3580Q,ORF1a:L3644F,ORF1b:P314L,ORF1b:T2490M,ORF3a:L108F,ORF3a:P240L,S:P384L,S:D614G",2.0,1
USA/MN-CDC-IBX482171558145/2021,ncov,EPI_ISL_4390042,OK221016,OK221016.1,SRR15139870,2021-04-04,"North America",USA,Minnesota,,"North America",USA,Minnesota,genome,29849,"Homo sapiens",55,Male,"20I (Alpha, V1)",B.1.1.7,?,"Infinity Biologix","Centers for Disease Control and Prevention, Respiratory Viruses Branch, Division of Viral Diseases","Howard et al",https://www.ncbi.nlm.nih.gov/nuccore/OK221016,,?,2021-09-22,2025-01-30,?,genbank,20I,Alpha,B.1.1.7,?,?,499.0,40.0,0.0,0.982142259973916,11.0,0.0,1.0,good,good,good,good,good,good,9.050168,good,,"11288-11296,21765-21770,21992-21994,28271",,"C241T,C913T,C2973T,C3037T,C3267T,C5388A,C5986T,C6040T,C6706T,T6954C,C8109T,C8950T,C14408T,C14676T,C15279T,T16176C,C16716G,T19299C,C19524T,C21575T,C22224T,A23063T,C23271A,A23403G,C23604A,C23709T,T24506G,G24914C,C25844T,C27972T,G28048T,A28111G,G28280C,A28281T,T28282A,G28881A,G28882A,G28883C,C28977T,T29524C","N:D3L,N:R203K,N:G204R,N:S235F,ORF1a:A903V,ORF1a:T1001I,ORF1a:A1708D,ORF1a:I2230T,ORF1a:T2615I,ORF1b:P314L,ORF1b:D1083E,ORF3a:T151I,ORF8:Q27*,ORF8:R52I,ORF8:Y73C,S:L5F,S:S221L,S:N501Y,S:A570D,S:D614G,S:P681H,S:T716I,S:S982A,S:D1118H",4.0,1
OU470855,ncov,EPI_ISL_1251240,OU470855,OU470855.1,ERS7303451,2021-02-25,Europe,Italy,"Friuli Venezia Giulia",Gorizia,Europe,Italy,"Friuli Venezia Giulia",genome,29541,"Homo sapiens",65,?,"20E (EU1)",B.1.177,?,"ARGO Laboratorio Genomica ed Epigenomica","Federica Bazzocchi, AREA SCIENCE PARK, Padriciano Trieste","Bazzocchi et al",https://www.ncbi.nlm.nih.gov/nuccore/OU470855,,?,2022-01-06,2022-01-06,?,genbank,20E,,B.1.177,?,?,499.0,26.0,0.0,0.971206902317493,11.0,0.0,1.0,good,good,good,good,good,good,9.050168,good,,,,"C241T,T445C,C1513T,T1603C,C3037T,C6286T,C8958T,T10339C,C11747T,A11991G,C13424T,G14160A,C14408T,G21255C,C22227T,G22346T,C22377T,C22858T,A23403G,C26801G,T26903C,C27143T,T27958C,C28932T,C29409T,G29645T","N:A220V,N:T379I,ORF1a:T2898I,ORF1a:E3909G,ORF1a:R4387C,ORF1b:P314L,ORF8:L22S,S:A222V,S:A262S,S:P272L,S:D614G",2.0,1
USA/hCov_19_USA_ID_IVREF_690427_2020/2020,ncov,?,OL965748,OL965748.1,,2020-12-10,"North America",USA,Idaho,"Bonneville County","North America",USA,Idaho,genome,29813,"Homo sapiens",?,?,20G,B.1.2,?,?,"BVAMC, Research","Beukelman et al",https://www.ncbi.nlm.nih.gov/nuccore/OL965748,,?,2021-12-21,2021-12-21,?,genbank,20G,,B.1.2,?,?,495.0,28.0,0.0,0.980436745477043,15.0,0.0,0.0,good,good,good,good,good,good,9.028549,good,,,,"C241T,C1059T,T1476C,T1927C,C2706T,C3037T,A5791G,T6478C,C10319T,T11809A,G12067T,C12854A,C13326T,C14408T,G16935T,A18424G,C21304T,A22255T,A23403G,C25528T,G25563T,G25907T,C27964T,T28053C,C28472T,C28674T,C28869T,G29745T","N:P67S,N:A134V,N:P199L,ORF1a:T265I,ORF1a:I404T,ORF1a:T814I,ORF1a:L3352F,ORF1a:M3934I,ORF1a:P4197T,ORF1a:T4354I,ORF1b:P314L,ORF1b:M1156I,ORF1b:N1653D,ORF1b:R2613C,ORF3a:L46F,ORF3a:Q57H,ORF3a:G172V,ORF8:S24L,ORF8:S54P,S:D614G",7.0,1
USA/NY-PRL-210623_52P05/2021,ncov,EPI_ISL_2715790,PP615923,PP615923.1,SRR16870911,2021-01-29,"North America",USA,"New York","New York City","North America",USA,"New York",genome,29782,"Homo sapiens",76,Female,20A,B.1.234,?,"Pandemic Response Lab - NYC","NYC DOHMH, Bureau of the Public Health Laboratory","Amin et al",https://www.ncbi.nlm.nih.gov/nuccore/PP615923,,?,2024-04-09,2024-04-09,?,genbank,20A,,B.1.234,?,?,495.0,18.0,0.0,0.979400060194629,9.0,1.0,0.0,good,good,good,good,good,good,9.028549,good,,,,"C241T,G2258A,C3037T,G5150A,A5570G,A6441G,C8140T,C9592T,T9875C,C14408T,A20268G,A23403G,T23629G,C25452T,C25487T,T25556G,C28854T,C28957T","N:S194L,ORF1a:V665I,ORF1a:V1629I,ORF1a:M1769V,ORF1a:K2059R,ORF1a:Y3204H,ORF1b:P314L,ORF3a:T32I,ORF3a:V55G,S:D614G,S:S689R",-4.0,1
USA/IL-CDC-ASC210069611/2021,ncov,EPI_ISL_1923077,MZ131148,MZ131148.1,SRR16748357,2021-04-13,"North America",USA,Illinois,,"North America",USA,Illinois,genome,29795,"Homo sapiens",19,Male,"20H (Beta, V2)",B.1.351,?,"Aegis Sciences Corporation","Centers for Disease Control and Prevention, Respiratory Viruses Branch","Howard et al",https://www.ncbi.nlm.nih.gov/nuccore/MZ131148,,?,2021-05-06,2025-01-24,?,genbank,20H,Beta,B.1.351,?,?,495.0,26.0,0.0,0.980436745477043,5.0,1.0,1.0,good,good,good,good,good,good,9.028549,good,,"11288-11296,22283-22291",,"G174T,C241T,C1059T,A2692T,G2830T,C3037T,C3966T,G5230T,A10323G,C14408T,C17676T,G18525T,G21786T,A21801C,A22206G,G22813T,G23012A,A23063T,A23403G,C23664T,G24415A,G25563T,C25904T,C26456T,C28253T,C28887T","E:P71L,N:T205I,ORF1a:T265I,ORF1a:E855D,ORF1a:A1234V,ORF1a:K1655N,ORF1a:K3353R,ORF1b:P314L,ORF3a:Q57H,ORF3a:S171L,S:G75V,S:D80A,S:D215G,S:K417N,S:E484K,S:N501Y,S:D614G,S:A701V",-2.0,1
USA/CA-CDC-QDX23359679/2021,ncov,EPI_ISL_1525999,MW901580,MW901580.1,SRR14395749,2021-03-23,"North America",USA,California,,"North America",USA,California,genome,29782,"Homo sapiens",17,Male,"21C (Epsilon)",B.1.427,?,"Quest Diagnostics Incorporated","Centers for Disease Control and Prevention, Respiratory Viruses Branch","Howard et al",https://www.ncbi.nlm.nih.gov/nuccore/MW901580,,?,2021-04-12,2025-01-19,?,genbank,21C,Epsilon,B.1.427,?,?,499.0,29.0,0.0,0.979266294351737,11.0,0.0,1.0,good,good,good,good,good,good,9.050168,good,,,,"C241T,G709T,C1059T,C2607T,T2811C,C3037T,C3817T,C9286T,G9738C,C10969T,C12970T,C13019T,G13713A,C14408T,C16394T,G17014T,A20025G,G21600T,G22018T,C22597T,T22917G,A23403G,G25563T,T26573A,C26681T,C28087T,A28272T,C28887T,C29362T","N:T205I,ORF1a:E148D,ORF1a:T265I,ORF1a:T781I,ORF1a:I849T,ORF1a:S3158T,ORF1b:P314L,ORF1b:P976L,ORF1b:D1183Y,ORF3a:Q57H,ORF8:A65V,S:S13I,S:W152C,S:L452R,S:D614G",1.0,1
FRA/21042160838/2021,ncov,?,PQ972523,PQ972523.1,,2021-04-10,Europe,France,France,,Europe,France,France,genome,29775,"Homo sapiens",?,?,"21D (Eta)",B.1.525,?,?,"APHP, Plateforme GenoBioMICS","Jimenez-Aray et al",https://www.ncbi.nlm.nih.gov/nuccore/PQ972523,,?,2025-01-22,2025-01-22,?,genbank,21D,Eta,B.1.525,?,?,480.0,30.0,0.0,0.980470186937765,3.0,0.0,3.0,good,good,good,good,good,good,8.951389,good,,"11288-11296,21765-21770,21992-21994,27205-27207,28278-28280",,"C241T,C1498T,A1807G,G2659A,C3037T,C6037T,C6285T,C6286T,C7600T,T8593C,C9565T,C14407T,C14408T,C18171T,T18603C,A20724G,A21717G,C21762T,G23012A,A23403G,G23593C,T24224C,C24748T,C26305T,T26767C,C28308G,A28699G,G28857T,C28887T,G29543T","E:L21F,M:I82T,N:D3Y,N:A12G,N:R195I,N:T205I,ORF1a:T2007I,ORF1b:P314F,ORF9b:H9D,S:Q52R,S:A67V,S:E484K,S:D614G,S:Q677H,S:F888L",0.0,1
USA/MA-CDCBI-CRSP_02717/2021,ncov,EPI_ISL_2016418,MZ160298,MZ160298.1,SRR14496687,2021-04-19,"North America",USA,Massachusetts,,"North America",USA,Massachusetts,genome,29741,"Homo sapiens",?,?,"21F (Iota)",B.1.526,?,"Broad Institute Clinical Research Sequencing Platform","Broad Institute of Harvard and MIT, Infectious Disease Program","Lemieux et al",https://www.ncbi.nlm.nih.gov/nuccore/MZ160298,,?,2021-05-11,2021-05-11,?,genbank,21F,Iota,B.1.526,?,?,494.0,20.0,0.0,0.978396816372939,3.0,0.0,3.0,good,good,good,good,good,good,9.023213,good,,"11288-11296,28271",,"C241T,C1059T,G2323A,C3037T,T9867C,C14403T,C14408T,G15243T,A16500C,A20262G,C21575T,C21846T,A22320G,A23403G,C23664T,C25517T,G25563T,C27925T,C28869T,G28975A","N:P199L,N:M234I,ORF1a:T265I,ORF1a:L3201P,ORF1b:P314L,ORF1b:M592I,ORF1b:Q1011H,ORF3a:P42L,ORF3a:Q57H,ORF8:T11I,S:L5F,S:T95I,S:D253G,S:D614G,S:A701V",-5.0,1
USA/WA-S3374/2020,ncov,EPI_ISL_849526,MW494005,MW494005.2,?,2020-11-30,"North America",USA,Washington,"King County WA","North America",USA,Washington,genome,29864,"Homo sapiens",?,?,20C,B.1.577,?,"Washington State Department of Health","Seattle Flu Study, University of Washington Medical Center","Nickerson et al",https://www.ncbi.nlm.nih.gov/nuccore/MW494005,,?,2021-01-20,2021-08-09,?,genbank,20C,,B.1.577,?,?,499.0,24.0,0.0,0.982008494131024,15.0,0.0,0.0,good,good,good,good,good,good,9.050168,good,,,,"C241T,C1059T,G1186A,T1482A,C3037T,C3045T,T3756C,C7834T,C10030T,C10319T,A11782G,C14408T,C16694T,C16997T,T17407C,C21057T,C22388T,A23403G,A25105G,G25234A,C25546T,G25563T,C27964T,C28892T","N:P207S,ORF1a:T265I,ORF1a:F406Y,ORF1a:P927L,ORF1a:V1164A,ORF1a:L3352F,ORF1b:P314L,ORF1b:T1076I,ORF1b:P1177L,ORF3a:L52F,ORF3a:Q57H,ORF8:S24L,S:D614G",4.0,1
COL/SEC-1608V/2021,ncov,?,OQ558991,OQ558991.1,,2021-08-03,"South America",Colombia,Colombia,,"South America",Colombia,Colombia,genome,29775,"Homo sapiens",?,?,"21H (Mu)",B.1.621.2,?,?,"Universidad Nacional, ANTIOQUIA","Orf et al",https://www.ncbi.nlm.nih.gov/nuccore/OQ558991,,?,2023-05-01,2023-05-01,?,genbank,21H,Mu,B.1.621.2,?,?,498.0,42.0,0.0,0.979299735812461,4.0,1.0,1.0,good,good,good,good,good,good,9.044722,good,ORF3a:258-276,"21992-21994,26158-26161",,"T177C,C241T,A1461G,C2700T,C3037T,A3428G,C4878T,C5192T,C6037T,C10029T,A11451G,A13057T,A14070G,C14408T,C17491T,C17707T,C18877T,T19035C,C20148T,C21846T,T21995A,G22599A,T22907A,G23012A,A23063T,G23311T,A23403G,C23604A,G24410A,G25563T,A26492T,G26959A,C27925A,C28005T,C28093T,C28253T,A28254C,A28272T,T28277C,C28887T,G29736A,G29779T","M:R146H,N:S2P,N:T205I,ORF1a:K399R,ORF1a:T812I,ORF1a:T1055A,ORF1a:T1538I,ORF1a:T3255I,ORF1a:Q3729R,ORF1b:P314L,ORF1b:P1342S,ORF1b:P1414S,ORF3a:Q57H,ORF8:T11K,ORF8:P38S,ORF8:S67F,ORF8:I121L,S:T95I,S:Y145N,S:R346K,S:Y449N,S:E484K,S:N501Y,S:E583D,S:D614G,S:P681H,S:D950N",2.0,1
OX309140,ncov,?,OX309140,OX309140.1,ERS12816832,2022-01-25,Europe,Iceland,Iceland,,Europe,Iceland,Iceland,genome,29903,"Homo sapiens",87,Male,"21K (Omicron)",BA.1,?,"The National University Hospital of Iceland","DECODE GENETICS, St","Melsted et al",https://www.ncbi.nlm.nih.gov/nuccore/OX309140,,?,2022-08-31,2022-09-06,?,genbank,21K,Omicron,BA.1,?,?,499.0,51.0,0.0,0.983312711099221,3.0,2.0,0.0,good,good,good,good,good,good,9.050168,good,,,,"C241T,C3037T,T5386G,G8393A,T9379A,C10029T,C10449A,A11537G,T13195C,C14408T,A15219G,C15240T,A18163G,C21762T,C21846T,G22578A,G22813T,T22882G,G22898A,G22992A,C22995A,A23013C,A23040G,G23048A,A23055G,A23063T,T23075C,C23202A,A23403G,C23525T,T23599G,C23604A,C23854A,G23948T,C24130A,A24424T,T24469A,C24503T,C25000T,C25584T,C26270T,C26577G,G26709A,A27259C,C27807T,A28271T,C28291T,C28311T,G28881A,G28882A,G28883C","E:T9I,M:Q19E,M:A63T,N:P13L,N:R203K,N:G204R,ORF1a:A2710T,ORF1a:T3255I,ORF1a:P3395H,ORF1a:I3758V,ORF1b:P314L,ORF1b:I1566V,ORF9b:P3L,ORF9b:P10S,S:A67V,S:T95I,S:G339D,S:K417N,S:N440K,S:G446S,S:S477N,S:T478K,S:E484A,S:Q493R,S:G496S,S:Q498R,S:N501Y,S:Y505H,S:T547K,S:D614G,S:H655Y,S:N679K,S:P681H,S:N764K,S:D796Y,S:N856K,S:Q954H,S:N969K,S:L981F",-4.0,1
OX308112,ncov,?,OX308112,OX308112.1,ERS12817228,2022-01-24,Europe,Iceland,Iceland,,Europe,Iceland,Iceland,genome,29903,"Homo sapiens",12,Male,"21L (Omicron)",BA.2,?,"The National University Hospital of Iceland","DECODE GENETICS, St","Melsted et al",https://www.ncbi.nlm.nih.gov/nuccore/OX308112,,?,2022-08-31,2022-09-06,?,genbank,21L,Omicron,BA.2,0.0,-0.173,497.0,66.0,0.0,0.983379594020667,3.0,2.0,0.0,good,good,good,good,good,good,9.039304,good,,,,"C241T,T670G,C3037T,G4184A,C4321T,C9344T,A9424G,C9534T,C9866T,C10029T,G10447A,C10449A,G11291A,T11296G,C12880T,C14408T,C15714T,C17410T,A18163G,C19955T,A20055G,C21618T,T21633C,G21987A,T22200G,G22578A,C22674T,T22679C,C22686T,A22688G,G22775A,A22786C,G22813T,G22992A,C22995A,A23013C,A23040G,A23055G,A23063T,T23075C,A23403G,C23525T,T23599G,C23604A,C23854A,G23948T,A24424T,T24469A,C25000T,C25584T,C26060T,C26270T,C26577G,G26709A,C26858T,A27259C,G27382C,A27383T,T27384C,C27807T,A28271T,C28311T,G28881A,G28882A,G28883C,A29510C","E:T9I,M:Q19E,M:A63T,N:P13L,N:R203K,N:G204R,N:S413R,ORF1a:S135R,ORF1a:G1307S,ORF1a:L3027F,ORF1a:T3090I,ORF1a:L3201F,ORF1a:T3255I,ORF1a:P3395H,ORF1a:G3676S,ORF1a:F3677L,ORF1b:P314L,ORF1b:R1315C,ORF1b:I1566V,ORF1b:T2163I,ORF3a:T223I,ORF6:D61L,ORF9b:P10S,S:T19I,S:L24S,S:G142D,S:V213G,S:G339D,S:S371F,S:S373P,S:S375F,S:T376A,S:D405N,S:R408S,S:K417N,S:S477N,S:T478K,S:E484A,S:Q493R,S:Q498R,S:N501Y,S:Y505H,S:D614G,S:H655Y,S:N679K,S:P681H,S:N764K,S:D796Y,S:Q954H,S:N969K",1.0,1
USA/UT-UPHL-220909947304/2022,ncov,?,OP440368,OP440368.2,SRR21586447,2022-06-30,"North America",USA,Utah,,"North America",USA,Utah,genome,29720,"Homo sapiens",?,?,"22C (Omicron)",BA.2.12.1,?,"Utah Public Health Laboratory","Utah Public Health Laboratory Infectious Disease submission group, Utah Public Health Laboratory","Linares-Perdomo et al",https://www.ncbi.nlm.nih.gov/nuccore/OP440368,,?,2022-09-15,2023-04-14,?,genbank,22C,Omicron,BA.2.12.1,0.0,-0.095,497.0,74.0,0.0,0.979032204126676,5.0,1.0,1.0,good,good,good,good,good,good,9.039304,good,,"11288-11296,21633-21641,28362-28370,29734-29759",,"T670G,C1973T,C2790T,C3037T,G4184A,C4321T,C5544T,C9344T,A9424G,C9534T,C9866T,C10029T,C10198T,G10447A,C10449A,C11674T,C11962T,C12651T,C12880T,C14408T,T15009C,C15714T,C17410T,A18163G,C19955T,A20055G,C21618T,C21721T,G21987A,T22200G,G22578A,C22674T,T22679C,C22686T,A22688G,G22775A,T22917A,G22992A,C22995A,A23013C,A23040G,A23055G,A23063T,T23075C,A23403G,C23525T,T23599G,C23604A,C23673T,C23854A,G23948T,A24424T,T24469A,C25000T,C25416T,C25584T,C26060T,C26270T,C26577G,G26709A,C26858T,C27211T,A27259C,G27382C,A27383T,T27384C,C27807T,A28271T,C28311T,G28881A,G28882A,G28883C,A29510C,T29726C","E:T9I,M:Q19E,M:A63T,N:P13L,N:R203K,N:G204R,N:S413R,ORF1a:S135R,ORF1a:T842I,ORF1a:G1307S,ORF1a:T1760I,ORF1a:L3027F,ORF1a:T3090I,ORF1a:L3201F,ORF1a:T3255I,ORF1a:P3395H,ORF1a:T4129I,ORF1b:P314L,ORF1b:R1315C,ORF1b:I1566V,ORF1b:T2163I,ORF3a:T223I,ORF6:L4F,ORF6:D61L,ORF9b:P10S,S:T19I,S:A27S,S:G142D,S:V213G,S:G339D,S:S371F,S:S373P,S:S375F,S:T376A,S:D405N,S:S477N,S:T478K,S:E484A,S:Q493R,S:Q498R,S:N501Y,S:Y505H,S:D614G,S:H655Y,S:N679K,S:P681H,S:S704L,S:N764K,S:D796Y,S:Q954H,S:N969K",-1.0,1
England/LSPA-356A4A0/2022,ncov,EPI_ISL_9825026,OV948634,OV948634.1,ERR8617894,2022-02-02,Europe,"United Kingdom",England,,Europe,"United Kingdom",England,genome,29822,"Homo sapiens",?,?,"21M (Omicron)",BA.3,?,"Rosalind Franklin Laboratory","Wellcome Sanger Institute, Hinxton, Cambridgeshire, CB10 1SA","Fraser et al",https://www.ncbi.nlm.nih.gov/nuccore/OV948634,,?,2022-02-23,2022-02-26,?,genbank,21M,Omicron,BA.3,?,?,126.0,57.0,0.0,0.995786375948901,1.0,0.0,2.0,good,good,good,good,good,good,2.777778,good,ORF7a:102-122,"519-524,11288-11296,21765-21770,21987-21995,22194-22196,27682-27694,28362-28370,29734-29759",,"C241T,T670G,C832T,C1627T,C3037T,G4184A,C4321T,C9534T,C10029T,G10447A,C10449A,C11235T,C12473T,C12880T,C14408T,C15714T,A18163G,C19901T,C21762T,C21846T,G22578A,C22674T,T22679C,C22686T,G22775A,G22813T,T22882G,G22898A,G22992A,C22995A,A23013C,A23040G,A23055G,A23063T,T23075C,A23403G,C23525T,T23599G,C23604A,C23854A,G23948T,A24424T,T24469A,C26060T,C26270T,C26577G,G26709A,C26858T,A27259C,C27807T,A28271T,C28311T,G28881A,G28882A,G28883C,C29311T,A29510C","E:T9I,M:Q19E,M:A63T,N:P13L,N:R203K,N:G204R,N:S413R,ORF1a:E87K,ORF1a:S135R,ORF1a:G1307S,ORF1a:T3090I,ORF1a:T3255I,ORF1a:P3395H,ORF1a:A3657V,ORF1b:P314L,ORF1b:I1566V,ORF1b:A2145V,ORF3a:T223I,ORF9b:P10S,S:A67V,S:T95I,S:Y145D,S:L212I,S:G339D,S:S371F,S:S373P,S:S375F,S:D405N,S:K417N,S:N440K,S:G446S,S:S477N,S:T478K,S:E484A,S:Q493R,S:Q498R,S:N501Y,S:Y505H,S:D614G,S:H655Y,S:N679K,S:P681H,S:N764K,S:D796Y,S:Q954H,S:N969K",17.0,1
USA/UT-UPHL-220628946653/2022,ncov,?,ON923618,ON923618.2,SRR19939221,2022-06-19,"North America",USA,Utah,,"North America",USA,Utah,genome,29734,"Homo sapiens",?,?,"22A (Omicron)",BA.4,?,"Utah Public Health Laboratory","Utah Public Health Laboratory Infectious Disease submission group, Utah Public Health Laboratory","Linares-Perdomo et al",https://www.ncbi.nlm.nih.gov/nuccore/ON923618,,?,2022-07-05,2023-04-13,?,genbank,22A,Omicron,BA.4,0.3,0.558,496.0,74.0,0.0,0.980035447948366,3.0,0.0,3.0,good,good,good,good,good,good,9.033913,good,,"686-694,11288-11296,21633-21641,21765-21770,28362-28370,29734-29759",,"C44T,T670G,C1973T,G2144A,C2790T,C3037T,G4184A,C4321T,C6286T,C9344T,A9424G,C9534T,C10029T,C10198T,G10447A,C10449A,G12160A,C12880T,C14408T,C15714T,C17410T,A18163G,C19955T,A20055G,C21618T,G21987A,T22200G,A22486T,G22578A,C22674T,T22679C,C22686T,A22688G,G22775A,A22786C,G22813T,T22882G,T22917G,G22992A,C22995A,A23013C,T23018G,A23055G,A23063T,T23075C,A23403G,C23525T,A23535G,T23599G,C23604G,C23854A,G23948T,A24424T,T24469A,C25000T,C25584T,C26060T,C26270T,C26577G,G26709A,C26858T,A27259C,G27382C,A27383T,T27384C,G27788T,C27807T,A28271T,C28311T,C28724T,G28881A,G28882A,G28883C,A29510C","E:T9I,M:Q19E,M:A63T,N:P13L,N:P151S,N:R203K,N:G204R,N:S413R,ORF1a:S135R,ORF1a:V627I,ORF1a:T842I,ORF1a:G1307S,ORF1a:L3027F,ORF1a:T3090I,ORF1a:T3255I,ORF1a:P3395H,ORF1b:P314L,ORF1b:R1315C,ORF1b:I1566V,ORF1b:T2163I,ORF3a:T223I,ORF6:D61L,ORF7b:L11F,ORF9b:P10S,S:T19I,S:A27S,S:G142D,S:V213G,S:G339D,S:S371F,S:S373P,S:S375F,S:T376A,S:D405N,S:R408S,S:K417N,S:N440K,S:L452R,S:S477N,S:T478K,S:E484A,S:F486V,S:Q498R,S:N501Y,S:Y505H,S:D614G,S:H655Y,S:N658S,S:N679K,S:P681R,S:N764K,S:D796Y,S:Q954H,S:N969K",2.0,1
USA/MN-MDH-30145/2022,ncov,EPI_ISL_15225056,OP578130,OP578130.1,SRR21783603,2022-09-18,"North America",USA,Minnesota,,"North America",USA,Minnesota,genome,29727,"Homo sapiens",?,?,"22B (Omicron)",BA.5.5,?,"INFINITY BIOLOGIX","Minnesota Department of Health Infectious Disease Laboratory Submission Group, Public Health Laboratory - Infectious Disease Lab","Garfin et al",https://www.ncbi.nlm.nih.gov/nuccore/OP578130,,?,2022-10-03,2022-10-03,?,genbank,22B,Omicron,BA.5.5,0.3,0.558,499.0,73.0,0.0,0.979099087048122,9.0,1.0,0.0,good,good,good,good,good,good,9.050168,good,,"21633-21641,21765-21770,28362-28370,29734-29759",,"G192A,C241T,T670G,G816A,C2790T,C3037T,G3239T,G4184A,C4321T,C9344T,A9424G,C9534T,C10029T,C10198T,G10447A,C10449A,C11020T,C12073T,G12160A,C12754T,C12880T,C14408T,C15180T,C15714T,C17410T,A18163G,C19955T,A20055G,C21618T,C21789T,G21987A,T22200G,G22578A,C22674T,T22679C,C22686T,A22688G,G22775A,A22786C,G22813T,T22882G,T22917G,G22992A,C22995A,A23013C,T23018G,A23055G,A23063T,T23075C,T23239C,A23403G,C23525T,T23599G,C23604A,C23854A,G23948T,A24424T,T24469A,C25000T,C25584T,C26060T,C26270T,G26529A,C26577G,G26709A,C26822T,C27807T,A28271T,C28311T,G28881A,G28882A,G28883C,A29510C","E:T9I,M:D3N,M:Q19E,M:A63T,N:P13L,N:R203K,N:G204R,N:S413R,ORF1a:S135R,ORF1a:R184H,ORF1a:T842I,ORF1a:D992Y,ORF1a:G1307S,ORF1a:L3027F,ORF1a:T3090I,ORF1a:T3255I,ORF1a:P3395H,ORF1b:P314L,ORF1b:R1315C,ORF1b:I1566V,ORF1b:T2163I,ORF3a:T223I,ORF9b:P10S,S:T19I,S:A27S,S:T76I,S:G142D,S:V213G,S:G339D,S:S371F,S:S373P,S:S375F,S:T376A,S:D405N,S:R408S,S:K417N,S:N440K,S:L452R,S:S477N,S:T478K,S:E484A,S:F486V,S:Q498R,S:N501Y,S:Y505H,S:D614G,S:H655Y,S:N679K,S:P681H,S:N764K,S:D796Y,S:Q954H,S:N969K",0.0,1
USA/CA-CDPH-FS48082345/2023,ncov,?,OR020535,OR020535.1,SRR26484424,2023-01-25,"North America",USA,California,,"North America",USA,California,genome,29796,"Homo sapiens",?,?,"22D (Omicron)",BN.1.3.1,?,"CDPH-Optum Antigen","California Department of Public Health, IDLB VRDL/COVIDNet","Scribner et al",https://www.ncbi.nlm.nih.gov/nuccore/OR020535,,?,2023-05-22,2023-05-22,?,genbank,22D,Omicron,BN.1.3.1,0.714,1.253,463.0,99.0,0.0,0.981975052670301,9.0,0.0,1.0,good,good,good,good,good,good,8.871403,good,ORF7a:98-122,"518-520,11288-11296,21633-21641,27682,28362-28370",,"C44T,C241T,T670G,C2790T,C3037T,C3787T,C3796T,C3927T,G4184A,C4321T,T4435C,C4586T,C5183T,G5194A,G7116A,A9175G,C9344T,A9424G,C9534T,C9866T,C10029T,C10198T,G10447A,C10449A,T10721C,G11146T,A12444G,C12880T,C13176T,C14408T,C15279T,G15451A,C15714T,C17410T,A18163G,C19955T,A20055G,C20235T,G20467T,C21618T,G21987A,A22001G,T22016C,C22033A,A22190G,T22200G,G22331A,G22577C,G22578A,G22599C,A22629C,C22674T,T22679C,C22686T,A22688G,G22775A,A22786C,T22882G,G22898A,T22942G,G22992A,C22995A,A23013C,T23031C,A23055G,A23063T,T23075C,A23403G,C23525T,T23599G,C23604A,C23854A,G23948T,A24424T,T24469A,C25000T,C25416T,C25584T,C25614T,T25929A,C26060T,C26078T,C26270T,A26275G,C26577G,C26611T,G26709A,C26858T,A27259C,G27382C,A27383T,T27384C,C27807T,A28271T,C28311T,G28881A,G28882A,G28883C,A29510C","E:T9I,E:T11A,M:Q19E,M:T30I,M:A63T,N:P13L,N:R203K,N:G204R,N:S413R,ORF1a:S135R,ORF1a:T842I,ORF1a:S1221L,ORF1a:G1307S,ORF1a:P1640S,ORF1a:G2284D,ORF1a:L3027F,ORF1a:T3090I,ORF1a:L3201F,ORF1a:T3255I,ORF1a:P3395H,ORF1a:F3486L,ORF1a:M3627I,ORF1a:N4060S,ORF1a:T4304I,ORF1b:P314L,ORF1b:G662S,ORF1b:R1315C,ORF1b:I1566V,ORF1b:T2163I,ORF1b:A2334S,ORF3a:T223I,ORF3a:T229I,ORF6:D61L,ORF9b:P10S,S:T19I,S:A27S,S:G142D,S:K147E,S:W152R,S:F157L,S:I210V,S:V213G,S:G257S,S:G339H,S:R346T,S:K356T,S:S371F,S:S373P,S:S375F,S:T376A,S:D405N,S:R408S,S:N440K,S:G446S,S:N460K,S:S477N,S:T478K,S:E484A,S:F490S,S:Q498R,S:N501Y,S:Y505H,S:D614G,S:H655Y,S:N679K,S:P681H,S:N764K,S:D796Y,S:Q954H,S:N969K",6.0,1
USA/NY-GBW-H10-013-0703/2023,ncov,EPI_ISL_17472951,PQ017244,PQ017244.1,,2023-04-05,"North America",USA,"New York",,"North America",USA,"New York",genome,29712,"Homo sapiens",?,?,"22E (Omicron)",BQ.1.1.46,?,?,"Ginkgo Bioworks, Ginkgo Biosecurity","Rothstein et al",https://www.ncbi.nlm.nih.gov/nuccore/PQ017244,,?,2024-07-15,2024-07-15,?,genbank,22E,Omicron,BQ.1.1,0.84,0.775,495.0,80.0,0.0,0.979032204126676,5.0,1.0,1.0,good,good,good,good,good,good,9.028549,good,,"11288-11296,21633-21641,21765-21770,28362-28370,29734-29759",,"C241T,T670G,C1931A,C2508A,G2577T,C2790T,T2954C,C3037T,G4184A,C4321T,C9344T,A9424G,C9534T,C10029T,C10198T,G10447A,C10449A,A10844G,C11750T,G12160A,C12400T,C12880T,T14257C,C14408T,C15714T,G16935A,A17039G,C17410T,A18163G,C19955T,A20055G,C21618T,C22033A,T22200G,G22578A,G22599C,C22674T,T22679C,C22686T,A22688G,G22775A,A22786C,G22813T,T22882G,A22893C,T22917G,T22942A,G22992A,C22995A,A23013C,T23018G,A23055G,A23063T,T23075C,A23403G,C23525T,T23599G,C23604A,C23854A,G23948T,A24424T,T24469A,C25000T,C25584T,C25685A,C26060T,C26270T,G26529A,C26577G,G26709A,C27807T,C27889T,A28271T,C28311T,C28312T,G28681T,G28881A,G28882A,G28883C,A29510C","E:T9I,M:D3N,M:Q19E,M:A63T,N:P13L,N:E136D,N:R203K,N:G204R,N:S413R,ORF1a:S135R,ORF1a:Q556K,ORF1a:P748H,ORF1a:S771I,ORF1a:T842I,ORF1a:G1307S,ORF1a:L3027F,ORF1a:T3090I,ORF1a:T3255I,ORF1a:P3395H,ORF1a:M3527V,ORF1a:L3829F,ORF1b:Y264H,ORF1b:P314L,ORF1b:M1156I,ORF1b:N1191S,ORF1b:R1315C,ORF1b:I1566V,ORF1b:T2163I,ORF3a:A98D,ORF3a:T223I,ORF9b:P10F,S:T19I,S:A27S,S:F157L,S:V213G,S:G339D,S:R346T,S:S371F,S:S373P,S:S375F,S:T376A,S:D405N,S:R408S,S:K417N,S:N440K,S:K444T,S:L452R,S:N460K,S:S477N,S:T478K,S:E484A,S:F486V,S:Q498R,S:N501Y,S:Y505H,S:D614G,S:H655Y,S:N679K,S:P681H,S:N764K,S:D796Y,S:Q954H,S:N969K",-4.0,1
England/QEUH-D534AB/2020,ncov,EPI_ISL_799169,OD923885,OD923885.1,ERR5176138,2020-12-29,Europe,"United Kingdom",England,,Europe,"United Kingdom",England,genome,29903,"Homo sapiens",?,?,20D,C.16,?,"Lighthouse Lab in Glasgow","Wellcome Sanger Institute, Hinxton, Cambridgeshire, CB10 1SA","VanSteenhouse et al",https://www.ncbi.nlm.nih.gov/nuccore/OD923885,,?,2021-04-29,2021-04-29,?,genbank,20D,,C.16,?,?,478.0,27.0,0.0,0.984014981774404,11.0,0.0,1.0,good,good,good,good,good,good,8.941567,good,,,,"C241T,C1593T,G2293A,C3037T,G3302A,C4002T,G8787A,C9693T,G10097A,C12439T,C12789T,C13536T,C14408T,C14724T,A16797C,C22377A,T22917G,C23216T,A23403G,C23731T,C23997T,C25836T,C26822T,G28881A,G28882A,G28883C,G29422T","N:R203K,N:G204R,ORF1a:S443F,ORF1a:E1013K,ORF1a:T1246I,ORF1a:R2841H,ORF1a:A3143V,ORF1a:G3278S,ORF1a:T4175I,ORF1b:P314L,S:P272H,S:L452R,S:L552F,S:D614G,S:P812L",0.0,1
OZ061529,ncov,EPI_ISL_4082367,OZ061529,OZ061529.1,ERR13153948,2021-05-26,"South America",Argentina,"Buenos Aires",,"South America",Argentina,"Buenos Aires",genome,29835,"Homo sapiens",62,Female,"21G (Lambda)",C.37,?,"ANLIS ""Carlos G. Malbran""","ANLIS Malbran, Avenida Velez Sarsfield 563, CABA","Poklepovich Caride J et al",https://www.ncbi.nlm.nih.gov/nuccore/OZ061529,,?,2024-05-29,2024-05-30,?,genbank,21G,Lambda,C.37,?,?,481.0,39.0,0.0,0.982643881884761,11.0,0.0,1.0,good,good,good,good,good,good,8.956341,good,,"11288-11296,22299-22319",,"C241T,C3037T,C3369T,C4002T,G5194T,C7124T,T7302C,T7424G,C7504T,C9693T,C9857T,T9867C,C10029T,G10097A,T12015G,C13536T,C14408T,A17820G,T18260C,A20662G,G21786T,C21789T,T22917A,T23031C,A23403G,C23731T,C24138A,G24197T,C24662A,C26894T,C28253T,A28266G,A28271T,C28311T,G28881A,G28882A,G28883C,G28913T,C29311T","N:P13L,N:R203K,N:G204R,N:G214C,ORF1a:T1035I,ORF1a:T1246I,ORF1a:P2287S,ORF1a:I2346T,ORF1a:F2387V,ORF1a:A3143V,ORF1a:L3201P,ORF1a:T3255I,ORF1a:G3278S,ORF1a:V3917G,ORF1b:P314L,ORF1b:I1598T,ORF1b:S2399G,ORF9b:P10S,S:G75V,S:T76I,S:D253N,S:L452Q,S:F490S,S:D614G,S:T859N,S:A879S,S:L1034I",5.0,1
Denmark/DCGC-646096/2023,ncov,EPI_ISL_17541593,OY792307,OY792307.1,ERS17063393,2023-03-27,Europe,Denmark,Nordjylland,,Europe,Denmark,Nordjylland,genome,29876,"Homo sapiens",?,?,"23C (Omicron)",CH.1.1.19,?,"Department of Bacteria, Parasites and Fungi, Statens Serum Institut, Copenhagen, Denmark","Artillerivej 5, 2300 Copenhagen S","Danish Covid-19 Genome et al",https://www.ncbi.nlm.nih.gov/nuccore/OY792307,,?,2023-11-22,2023-11-23,?,genbank,23C,Omicron,CH.1.1,0.909,0.328,421.0,95.0,0.0,0.985921145035615,9.0,1.0,0.0,good,good,good,good,good,good,8.707781,good,,"11288-11296,21633-21641,28362-28370",,"C241T,T670G,G701T,T2484C,C2790T,C3037T,C3796T,C3927T,G4184A,C4321T,C4586T,C5183T,C5796A,C9344T,A9424G,C9534T,C9866T,C10029T,C10198T,G10447A,C10449A,A12444G,C12880T,C14408T,G15451A,C15654T,C15714T,C17410T,G17427T,A18163G,G18583A,C18981T,C19955T,A20055G,A20741G,C21618T,A22001G,T22016C,C22033A,A22190G,T22200G,G22331A,G22577C,G22578A,G22599C,C22674T,T22679C,C22686T,A22688G,G22775A,A22786C,G22813T,T22882G,A22893C,G22898A,T22917G,T22942G,G22992A,C22995A,A23013C,T23019C,A23055G,A23063T,T23075C,A23403G,C23525T,T23599G,C23604A,C23854A,G23948T,A24424T,T24469A,G24992C,C25000T,C25416T,C25584T,C26060T,C26270T,A26275G,C26577G,G26709A,C26858T,C26873T,A27259C,G27382C,A27383T,T27384C,C27807T,A28271T,C28311T,G28881A,G28882A,G28883C,A29342G,A29510C","E:T9I,E:T11A,M:Q19E,M:A63T,N:P13L,N:R203K,N:G204R,N:I357V,N:S413R,ORF1a:S135R,ORF1a:G146C,ORF1a:I740T,ORF1a:T842I,ORF1a:S1221L,ORF1a:G1307S,ORF1a:P1640S,ORF1a:T1844N,ORF1a:L3027F,ORF1a:T3090I,ORF1a:L3201F,ORF1a:T3255I,ORF1a:P3395H,ORF1a:N4060S,ORF1b:P314L,ORF1b:G662S,ORF1b:R1315C,ORF1b:I1566V,ORF1b:V1706I,ORF1b:T2163I,ORF1b:Q2425R,ORF3a:T223I,ORF6:D61L,ORF9b:P10S,S:T19I,S:A27S,S:K147E,S:W152R,S:F157L,S:I210V,S:V213G,S:G257S,S:G339H,S:R346T,S:S371F,S:S373P,S:S375F,S:T376A,S:D405N,S:R408S,S:K417N,S:N440K,S:K444T,S:G446S,S:L452R,S:N460K,S:S477N,S:T478K,S:E484A,S:F486S,S:Q498R,S:N501Y,S:Y505H,S:D614G,S:H655Y,S:N679K,S:P681H,S:N764K,S:D796Y,S:Q954H,S:N969K,S:E1144Q",-1.0,1
AUS/VIC11897/2020,ncov,?,MW183957,MW183957.1,SRR12894495,2020-08-11,Oceania,Australia,Victoria,,Oceania,Australia,Victoria,genome,29817,"Homo sapiens",?,Male,20F,D.2,?,"Victorian Infectious Diseases Reference Laboratory (VIDRL)","The Peter Doherty Institute for Infection and Immunity, MDU-PHL","Seemann et al",https://www.ncbi.nlm.nih.gov/nuccore/MW183957,,?,2020-10-28,2020-10-28,?,genbank,20F,,D.2,?,?,0.0,25.0,0.0,0.997124034377822,11.0,0.0,1.0,good,good,good,good,good,good,8.506944,good,,,,"C241T,G558T,G660T,A1163T,G2036T,G2604T,G3004T,C3037T,G3564T,T7540C,G8790T,G11535T,C12880T,G13571T,C14408T,G16647T,G17096T,C18555T,G22992A,G23401A,A23403G,G24933T,G28881A,G28882A,G28883C","N:R203K,N:G204R,ORF1a:G98V,ORF1a:G132V,ORF1a:I300F,ORF1a:A591S,ORF1a:G780V,ORF1a:E913D,ORF1a:G1100V,ORF1a:G2842V,ORF1a:G3757V,ORF1b:G35V,ORF1b:P314L,ORF1b:G1210V,S:S477N,S:D614G,S:G1124V",9.0,1
USA/CO-CDPHE-41192191/2023,ncov,EPI_ISL_18223842,PP030571,PP030571.1,SRR27334495,2023-08-24,"North America",USA,Colorado,,"North America",USA,Colorado,genome,29747,"Homo sapiens",?,?,"23F (Omicron)",EG.5.1.4,?,"Colorado Department of Public Health and Environment","CDPHE SARS-CoV-2 submissions, Department of Microbiology","Matzinger et al",https://www.ncbi.nlm.nih.gov/nuccore/PP030571,,?,2023-12-24,2023-12-24,?,genbank,23F,,EG.5.1.4,1.166,0.188,471.0,110.0,0.0,0.980035447948366,7.0,0.0,2.0,good,good,good,good,good,good,8.908056,good,,"11288-11296,21633-21641,21992-21994,28362-28370",,"C241T,A405G,T670G,G1069A,C1457T,C2334T,C2790T,C3037T,T3982C,G4184A,C4321T,G5720A,C6445T,C7113T,C9344T,A9424G,C9534T,C9693T,C9866T,C10029T,C10198T,G10447A,C10449A,C12789T,C12880T,C14408T,G15451A,C15714T,C15738T,T15939C,T16342C,A16878T,C17410T,T17859C,A18163G,A18492G,C18555T,A19326G,C19955T,A20055G,A21137G,C21618T,G21718T,T21810C,G21987A,C22000A,C22109G,T22200A,C22480T,G22577C,G22578A,G22599C,C22664A,C22674T,T22679C,C22686T,A22688G,G22775A,A22786C,G22813T,T22882G,G22895C,T22896C,G22898A,T22930A,T22942G,G22992A,C22995A,A23013C,T23018C,T23019C,T23031C,A23055G,A23063T,T23075C,A23403G,C23525T,T23599G,C23604A,C23854A,G23948T,C24134A,A24424T,T24469A,C25000T,C25416T,C25584T,C26060T,C26111T,C26270T,A26275G,C26577G,G26709A,C26858T,A27259C,G27382C,A27383T,T27384C,A27507C,C27807T,G27915T,G28178T,A28271T,T28297C,C28311T,G28881A,G28882A,G28883C,A29510C,C29625T","E:T9I,E:T11A,M:Q19E,M:A63T,N:P13L,N:R203K,N:G204R,N:S413R,ORF1a:K47R,ORF1a:S135R,ORF1a:R398C,ORF1a:A690V,ORF1a:T842I,ORF1a:G1307S,ORF1a:G1819S,ORF1a:T2283I,ORF1a:L3027F,ORF1a:T3090I,ORF1a:A3143V,ORF1a:L3201F,ORF1a:T3255I,ORF1a:P3395H,ORF1a:T4175I,ORF1b:P314L,ORF1b:G662S,ORF1b:S959P,ORF1b:R1315C,ORF1b:I1566V,ORF1b:T2163I,ORF1b:K2557R,ORF3a:T223I,ORF3a:P240L,ORF6:D61L,ORF8:G8*,ORF8:L95F,ORF9b:I5T,ORF9b:P10S,S:T19I,S:A27S,S:Q52H,S:V83A,S:G142D,S:H146Q,S:Q183E,S:V213E,S:G339H,S:R346T,S:L368I,S:S371F,S:S373P,S:S375F,S:T376A,S:D405N,S:R408S,S:K417N,S:N440K,S:V445P,S:G446S,S:F456L,S:N460K,S:S477N,S:T478K,S:E484A,S:F486P,S:F490S,S:Q498R,S:N501Y,S:Y505H,S:D614G,S:H655Y,S:N679K,S:P681H,S:N764K,S:D796Y,S:L858I,S:Q954H,S:N969K",6.0,1
USA/MD-MDH-9070/2023,ncov,EPI_ISL_18403842,OR689160,OR689160.1,,2023-09-01,"North America",USA,USA,,"North America",USA,USA,genome,29741,"Homo sapiens",?,?,"23E (Omicron)",GE.1.3,?,?,"Maryland Department of Health, DVI","Stegman et al",https://www.ncbi.nlm.nih.gov/nuccore/OR689160,,?,2023-10-18,2023-10-18,?,genbank,23E,,GE.1.3,0.974,0.811,494.0,97.0,0.0,0.980035447948366,5.0,1.0,1.0,good,good,good,good,good,good,9.023213,good,,"11288-11296,21633-21641,21992-21994,22116-22118,28362-28370,29734-29759",,"C44T,C241T,A405G,T670G,A1989G,C2790T,C3037T,G4184A,C4234T,C4321T,T5947C,G6536A,A9424G,C9866T,C10029T,C10198T,G10447A,C10449A,G11146T,C12880T,C13119T,C14408T,G15451A,C15714T,C15738T,C15895T,T15939C,C17410T,A17674G,T17859C,A18163G,A19326G,C19955T,A20055G,C21618T,G21987A,C22000A,C22109G,T22200A,A22320G,G22577C,G22578A,G22599C,C22664A,C22674T,T22679C,C22686T,A22688G,G22775A,A22786C,G22813T,T22882G,G22895C,T22896C,G22898A,T22942G,G22992A,C22995G,A23013C,T23018C,T23019C,T23031C,C23123T,A23403G,C23525T,T23599G,C23604A,C23757T,A23779T,C23854A,G23948T,T24127C,T24364G,A24424T,T24469A,C25000T,C25416T,C25584T,C26060T,C26270T,A26275G,C26577G,G26709A,C26858T,A27259C,G27382C,A27383T,T27384C,C27431T,C27807T,A28271T,C28311T,G28881A,G28882A,G28883C,A29510C,G29706T","E:T9I,E:T11A,M:Q19E,M:A63T,N:P13L,N:R203K,N:G204R,N:S413R,ORF1a:K47R,ORF1a:S135R,ORF1a:Q575R,ORF1a:T842I,ORF1a:G1307S,ORF1a:G2091S,ORF1a:L3201F,ORF1a:T3255I,ORF1a:P3395H,ORF1a:M3627I,ORF1a:A4285V,ORF1b:P314L,ORF1b:G662S,ORF1b:R1315C,ORF1b:I1403V,ORF1b:I1566V,ORF1b:T2163I,ORF3a:T223I,ORF6:D61L,ORF7a:A13V,ORF9b:P10S,S:T19I,S:A27S,S:G142D,S:H146Q,S:Q183E,S:F186I,S:V213E,S:D253G,S:G339H,S:R346T,S:L368I,S:S371F,S:S373P,S:S375F,S:T376A,S:D405N,S:R408S,S:K417N,S:N440K,S:V445P,S:G446S,S:N460K,S:S477N,S:T478R,S:E484A,S:F486P,S:F490S,S:P521S,S:D614G,S:H655Y,S:N679K,S:P681H,S:T732I,S:N764K,S:D796Y,S:I934M,S:Q954H,S:N969K",-3.0,1
Denmark/DCGC-658797/2023,ncov,EPI_ISL_18159995,OY784472,OY784472.1,ERS17022876,2023-08-14,Europe,Denmark,Denmark,,Europe,Denmark,Denmark,genome,29873,"Homo sapiens",?,?,"23G (Omicron)",GK.1.2,?,"Department of Clinical Microbiology, Herlev and Gentofte University Hospital","Borgmester Ib Juuls Vej 52, 5. etage, 2730 Herlev","Danish Covid-19 Genome et al",https://www.ncbi.nlm.nih.gov/nuccore/OY784472,,?,2023-11-18,2023-11-19,?,genbank,23G,,GK.1.2,1.262,-1.086,452.0,112.0,0.0,0.984884459753202,7.0,0.0,2.0,good,good,good,good,good,good,8.823872,good,,"11288-11296,21633-21641,21992-21994,28362-28370",,"A405G,T670G,C1044T,C1973T,C2790T,C3037T,G3354A,G4184A,C4321T,C4586T,C7564T,T8014C,T8737C,C9344T,A9424G,C9534T,C9866T,C10029T,C10198T,G10447A,C10449A,G12467T,C12880T,C14408T,G15451A,C15654T,C15714T,C15738T,T15939C,T16342C,T16974C,T17124C,C17410T,T17859C,A18163G,A19326G,C19955T,A20055G,C20719T,C21618T,T21810C,G21987A,C22000A,C22109G,A22115G,T22200A,G22317T,G22577C,G22578A,G22599C,C22624T,C22664A,C22674T,T22679C,C22686T,A22688G,G22775A,A22786C,G22813T,T22882G,G22895C,T22896C,G22898A,G22927T,T22928C,T22942G,C22986T,G22992A,C22995A,A23013C,T23018C,T23019C,T23031C,A23055G,A23063T,T23075C,A23403G,C23525T,T23599G,C23604A,C23673T,C23854A,G23948T,A24424T,T24469A,C25000T,A25045G,C25416T,C25584T,C25658T,C26060T,C26270T,A26275G,C26577G,G26709A,C26858T,C27059T,A27259C,G27382C,A27383T,T27384C,C27807T,G27915T,C28005T,A28271T,C28311T,C28657T,G28881A,G28882A,G28883C,A29510C,T29633C","E:T9I,E:T11A,M:Q19E,M:A63T,N:P13L,N:R203K,N:G204R,N:S413R,ORF1a:K47R,ORF1a:S135R,ORF1a:A260V,ORF1a:T842I,ORF1a:G1030D,ORF1a:G1307S,ORF1a:L3027F,ORF1a:T3090I,ORF1a:L3201F,ORF1a:T3255I,ORF1a:P3395H,ORF1a:A4068S,ORF1b:P314L,ORF1b:G662S,ORF1b:S959P,ORF1b:R1315C,ORF1b:I1566V,ORF1b:T2163I,ORF3a:T89I,ORF3a:T223I,ORF6:D61L,ORF8:G8*,ORF8:P38S,ORF9b:P10S,S:T19I,S:A27S,S:V83A,S:G142D,S:H146Q,S:Q183E,S:N185D,S:V213E,S:G252V,S:G339H,S:R346T,S:L368I,S:S371F,S:S373P,S:S375F,S:T376A,S:D405N,S:R408S,S:K417N,S:N440K,S:V445P,S:G446S,S:L455F,S:F456L,S:N460K,S:A475V,S:S477N,S:T478K,S:E484A,S:F486P,S:F490S,S:Q498R,S:N501Y,S:Y505H,S:D614G,S:H655Y,S:N679K,S:P681H,S:S704L,S:N764K,S:D796Y,S:Q954H,S:N969K",6.0,1
USA/CA-CDPH-500129565/2023,ncov,EPI_ISL_18679346,PP023772,PP023772.1,SRR27319749,2023-11-13,"North America",USA,California,,"North America",USA,California,genome,29780,"Homo sapiens",?,?,"23H (Omicron)",EG.5.1.1,?,"TPMG Regional Laboratory","California Department of Public Health, IDLB VRDL/COVIDNet","Scribner et al",https://www.ncbi.nlm.nih.gov/nuccore/PP023772,,?,2023-12-21,2023-12-21,?,genbank,23H,,HK.3,1.197,-0.367,481.0,114.0,0.0,0.981373106377287,11.0,0.0,1.0,good,good,good,good,good,good,8.956341,good,,"11288-11296,21992-21994,28362-28370,29734-29759",,"C44T,C241T,A405G,T670G,C1190T,C2334T,C2790T,C3037T,G3596T,G4184A,C4321T,G5017A,G5668T,G5720A,C6541T,T8161C,C9344T,A9424G,C9534T,C9693T,C9866T,C10029T,C10198T,G10447A,C10449A,C12119T,C12789T,C12880T,G13627A,C14408T,G15372T,G15451A,C15714T,C15738T,T15939C,T16342C,A16878T,C17410T,T17859C,A18163G,A18492G,C19269T,A19326G,C19955T,A20055G,G21718T,T21810C,G21987A,C22000A,C22109G,T22200A,G22317T,C22480T,G22577C,G22578A,G22599C,C22664A,C22674T,T22679C,C22686T,A22688G,G22775A,A22786C,T22882G,G22895C,T22896C,G22898A,G22927T,T22930A,T22942G,G22992A,C22995A,A23013C,T23018C,T23019C,T23031C,A23055G,A23063T,T23075C,A23403G,C23525T,A23539T,T23599G,C23604A,C23854A,A24424T,T24469A,C25000T,C25416T,C25572T,C25584T,C26060T,C26270T,A26275G,C26577G,G26709A,C26858T,A27259C,G27382C,A27383T,T27384C,A27507C,C27807T,G27915T,G27996T,G28233A,A28271T,T28297C,C28311T,G28881A,G28882A,G28883C,A29510C,C29625T","E:T9I,E:T11A,M:Q19E,M:A63T,N:P13L,N:R203K,N:G204R,N:S413R,ORF1a:K47R,ORF1a:S135R,ORF1a:P309S,ORF1a:A690V,ORF1a:T842I,ORF1a:A1111S,ORF1a:G1307S,ORF1a:E1801D,ORF1a:G1819S,ORF1a:L3027F,ORF1a:T3090I,ORF1a:A3143V,ORF1a:L3201F,ORF1a:T3255I,ORF1a:P3395H,ORF1a:P3952S,ORF1a:T4175I,ORF1b:D54N,ORF1b:P314L,ORF1b:G662S,ORF1b:S959P,ORF1b:R1315C,ORF1b:I1566V,ORF1b:T2163I,ORF3a:T223I,ORF6:D61L,ORF8:G8*,ORF8:D35Y,ORF8:V114I,ORF9b:I5T,ORF9b:P10S,S:Q52H,S:V83A,S:G142D,S:H146Q,S:Q183E,S:V213E,S:G252V,S:G339H,S:R346T,S:L368I,S:S371F,S:S373P,S:S375F,S:T376A,S:D405N,S:R408S,S:N440K,S:V445P,S:G446S,S:L455F,S:F456L,S:N460K,S:S477N,S:T478K,S:E484A,S:F486P,S:F490S,S:Q498R,S:N501Y,S:Y505H,S:D614G,S:H655Y,S:N679K,S:P681H,S:N764K,S:Q954H,S:N969K",4.0,1
USA/MI-SH_MSU-D02_I_0624_83/2023,ncov,?,PP435502,PP435502.1,,2023-10-16,"North America",USA,Michigan,,"North America",USA,Michigan,genome,29164,"Homo sapiens",?,?,"23D (Omicron)",HN.4,?,?,"Michigan State University and Spectrum Health, Grand Rapids Research Center","Prokop et al",https://www.ncbi.nlm.nih.gov/nuccore/PP435502,,?,2024-03-05,2024-03-05,?,genbank,23D,,HN.4,0.535,0.759,499.0,101.0,0.0,0.959602715446611,5.0,1.0,1.0,good,good,good,good,good,good,9.050168,good,,"11288-11296,21633-21641,21992-21994,28362-28370",,"A405G,T670G,C1473T,T2128C,T2242A,C2790T,C3037T,G3242A,G4184A,C4321T,A4496G,G5720A,C5986T,C9344T,A9424G,C9534T,C9866T,C10029T,C10198T,G10447A,C10449A,C11956T,C12789T,C12880T,C12970T,C14408T,G15451A,C15714T,C15738T,T15939C,T16342C,C17410T,T17859C,A18163G,A19326G,C19955T,G19962T,A20055G,G20060T,A21137G,C21618T,C21789T,T21810C,G21987A,C22000A,C22109G,T22200A,G22317T,G22577C,G22578A,G22599C,C22664A,C22674T,T22679C,C22686T,A22688G,G22775A,G22992A,C22995G,A23013C,T23018C,T23019C,T23031C,A23055G,A23063T,T23075C,A23403G,C23525T,T23599G,C23604A,C23664T,C23854A,G23858T,C23865A,G23948T,A24424T,T24469A,C25000T,C25416T,C25584T,C25710T,C26060T,C26270T,A26275G,C26577G,G26709A,C26858T,A27259C,G27382C,A27383T,T27384C,C27807T,G27915T,A28271T,T28297C,C28311T,G28375A,G28881A,G28882A,G28883C,A29510C","E:T9I,E:T11A,M:Q19E,M:A63T,N:P13L,N:R203K,N:G204R,N:S413R,ORF1a:K47R,ORF1a:S135R,ORF1a:T403I,ORF1a:T842I,ORF1a:G993S,ORF1a:G1307S,ORF1a:I1411V,ORF1a:G1819S,ORF1a:L3027F,ORF1a:T3090I,ORF1a:L3201F,ORF1a:T3255I,ORF1a:P3395H,ORF1a:T4175I,ORF1b:P314L,ORF1b:G662S,ORF1b:S959P,ORF1b:R1315C,ORF1b:I1566V,ORF1b:T2163I,ORF1b:S2198I,ORF1b:K2557R,ORF3a:T223I,ORF6:D61L,ORF8:G8*,ORF9b:I5T,ORF9b:P10S,ORF9b:G31E,S:T19I,S:A27S,S:T76I,S:V83A,S:G142D,S:H146Q,S:Q183E,S:V213E,S:G252V,S:G339H,S:R346T,S:L368I,S:S371F,S:S373P,S:S375F,S:T376A,S:D405N,S:S477N,S:T478R,S:E484A,S:F486P,S:F490S,S:Q498R,S:N501Y,S:Y505H,S:D614G,S:H655Y,S:N679K,S:P681H,S:A701V,S:N764K,S:A766S,S:T768N,S:D796Y,S:Q954H,S:N969K",-4.0,1
USA/VA-CAV_VAS3N_00020859_01/2024,ncov,EPI_ISL_19156481,PV497551,PV497551.1,,2024-02-01,"North America",USA,Virginia,,"North America",USA,Virginia,genome,29802,"Homo sapiens",?,?,"23A (Omicron)",JD.1.1.1,?,?,"University of Virginia, Division of Infectious Diseases","Narendra et al",https://www.ncbi.nlm.nih.gov/nuccore/PV497551,,?,2025-04-15,2025-04-15,?,genbank,23A,,JD.1.1,1.262,-1.086,499.0,110.0,0.0,0.982008494131024,9.0,0.0,1.0,good,good,good,good,good,good,9.050168,good,,"521-523,11288-11296,21633-21641,21992-21994,27703-27705,28362-28370,29734-29759",,"C241T,A405G,T670G,C1519T,C2790T,C3037T,G4088A,T4092C,G4184A,C4321T,C6896T,C9344T,A9424G,C9534T,C9866T,C10029T,C10198T,A10219G,A10323G,G10447A,C10449A,C10969T,C12880T,C14085T,T14145C,C14189T,C14408T,A14634G,G15451A,C15714T,C15738T,T15939C,T16342C,T17124C,C17410T,T17859C,A18163G,C19185T,A19326G,C19488T,C19955T,T19986C,A20055G,C21618T,T21810C,G21987A,C22000A,C22109G,T22200A,G22577C,G22578A,G22599C,C22664A,C22674T,T22679C,C22686T,A22688G,G22775A,A22786C,G22813T,T22882G,G22895C,T22896C,G22898A,G22927T,T22928C,T22942G,C22986T,G22992A,C22995A,A23013C,T23018C,T23019C,T23031C,A23055G,A23063T,T23075C,A23403G,C23525T,C23575T,T23599G,C23604A,C23635T,C23854A,G23948T,A24424T,T24469A,C25000T,C25416T,C25584T,C26060T,C26270T,A26275G,C26577G,G26709A,C26858T,A27259C,G27382C,A27383T,T27384C,C27807T,G27915T,C28087T,A28271T,T28282C,C28311T,G28881A,G28882A,G28883C,A29510C","E:T9I,E:T11A,M:Q19E,M:A63T,N:P13L,N:R203K,N:G204R,N:S413R,ORF1a:K47R,ORF1a:S135R,ORF1a:T842I,ORF1a:D1275N,ORF1a:I1276T,ORF1a:G1307S,ORF1a:L3027F,ORF1a:T3090I,ORF1a:L3201F,ORF1a:T3255I,ORF1a:K3353R,ORF1a:P3395H,ORF1b:A241V,ORF1b:P314L,ORF1b:G662S,ORF1b:S959P,ORF1b:R1315C,ORF1b:I1566V,ORF1b:T2163I,ORF3a:T223I,ORF6:D61L,ORF8:G8*,ORF8:A65V,ORF9b:P10S,S:T19I,S:A27S,S:V83A,S:G142D,S:H146Q,S:Q183E,S:V213E,S:G339H,S:R346T,S:L368I,S:S371F,S:S373P,S:S375F,S:T376A,S:D405N,S:R408S,S:K417N,S:N440K,S:V445P,S:G446S,S:L455F,S:F456L,S:N460K,S:A475V,S:S477N,S:T478K,S:E484A,S:F486P,S:F490S,S:Q498R,S:N501Y,S:Y505H,S:D614G,S:H655Y,S:N679K,S:P681H,S:N764K,S:D796Y,S:Q954H,S:N969K",-1.0,1
Denmark/DCGC-669884/2023,ncov,EPI_ISL_18753108,OZ014103,OZ014103.1,ERS18219163,2023-12-25,Europe,Denmark,Denmark,,Europe,Denmark,Denmark,genome,29835,"Homo sapiens",?,?,"23I (Omicron)",JN.6,?,"Department of Bacteria, Parasites and Fungi, Statens Serum Institut, Copenhagen, Denmark","Artillerivej 5, 2300 Copenhagen S","Danish Covid-19 Genome et al",https://www.ncbi.nlm.nih.gov/nuccore/OZ014103,,?,2024-02-11,2024-02-12,?,genbank,23I,Omicron,JN.6,1.283,1.048,471.0,119.0,0.0,0.984249071999465,8.0,0.0,1.0,good,good,good,good,good,good,8.908056,good,,"315-317,11288-11296,21633-21641,21765-21770,21992-21994,22194-22196,27682-27693,28362-28370,29729-29754",21608:TCATGCCGCTGT,"C241T,T670G,C897A,A1588G,T2593C,C2790T,C2841T,C3037T,G3431T,G4184A,C4321T,A6183G,A7842G,C8293T,G8393A,C9344T,A9424G,C9534T,C10029T,C10198T,G10447A,C10449A,G11042T,C12789T,C12815T,C12880T,T13339C,C14408T,C15714T,T15756A,C17410T,G18122A,A18163G,A18492G,T18552C,C19263T,C19955T,A20055G,C21618T,C21622T,G21624C,C21711T,G21941T,G21987A,T22032C,C22033A,A22034G,G22139T,T22200G,C22208T,C22295A,C22353A,A22556G,G22577C,G22578A,A22629C,C22674T,T22679C,C22686T,A22688G,G22770A,G22775A,A22786C,G22813T,T22882G,G22895C,T22896A,G22898A,A22910G,C22916T,T22917G,T22942A,G22992A,C22995A,T23005A,G23012A,T23018C,T23019C,A23055G,A23063T,T23075C,G23222A,C23271T,A23403G,C23423T,T23599G,C23604A,C23854A,G23948T,C24378T,A24424T,T24469A,C24990T,C25000T,C25207T,C25584T,C26060T,C26270T,G26529C,C26577G,A26610G,C26681T,G26709A,C26833T,C26858T,A27259C,G27382C,A27383T,T27384C,C27476T,C27807T,A28271T,C28311T,G28881A,G28882A,G28883C,C28958A,G29477C,A29510C","E:T9I,M:D3H,M:Q19E,M:T30A,M:A63T,M:A104V,N:P13L,N:R203K,N:G204R,N:Q229K,N:D402H,N:S413R,ORF1a:L18M,ORF1a:S135R,ORF1a:A211D,ORF1a:T842I,ORF1a:A859V,ORF1a:V1056L,ORF1a:G1307S,ORF1a:K1973R,ORF1a:N2526S,ORF1a:A2710T,ORF1a:L3027F,ORF1a:T3090I,ORF1a:T3255I,ORF1a:P3395H,ORF1a:V3593F,ORF1a:T4175I,ORF1b:P314L,ORF1b:R1315C,ORF1b:S1552N,ORF1b:I1566V,ORF1b:T2163I,ORF3a:T223I,ORF6:D61L,ORF7a:T28I,ORF9b:P10S,S:T19I,S:R21T,S:A27S,S:S50L,S:V127F,S:G142D,S:F157S,S:R158G,S:V193L,S:L212I,S:V213G,S:L216F,S:H245N,S:A264D,S:I332V,S:G339H,S:K356T,S:S371F,S:S373P,S:S375F,S:T376A,S:R403K,S:D405N,S:R408S,S:K417N,S:N440K,S:V445H,S:G446S,S:N450D,S:L452W,S:N460K,S:S477N,S:T478K,S:N481K,S:E484K,S:F486P,S:Q498R,S:N501Y,S:Y505H,S:E554K,S:A570V,S:D614G,S:P621S,S:N679K,S:P681H,S:N764K,S:D796Y,S:S939F,S:Q954H,S:N969K,S:P1143L",6.0,1
USA/MD-MDH-10506/2024,ncov,EPI_ISL_19378593,PQ279092,PQ279092.1,,2024-08-14,"North America",USA,Maryland,,"North America",USA,Maryland,genome,29738,"Homo sapiens",?,?,"24G (Omicron)",KP.2.3,?,?,"Maryland Department of Health, DVI","Stegman et al",https://www.ncbi.nlm.nih.gov/nuccore/PQ279092,,?,2024-09-04,2024-09-04,?,genbank,24G,Omicron,KP.2.3,1.28,0.524,426.0,120.0,0.0,0.982309467277531,7.0,1.0,0.0,good,good,good,good,good,good,8.724722,good,,"11288-11296,21633-21641,21767-21772,21992-21994,22194-22196,23009-23011,28090-28095,28362-28370,29734-29759",21608:TCATGCCGCTGT,"C44T,C241T,G509A,T670G,C706T,C897A,C3037T,G3431T,T3565C,G4184A,C4321T,A6183G,C6543T,C7113T,A7842G,C8293T,G8393A,A9424G,C10029T,C10198T,G10447A,C10449A,G11042T,G11727A,C12400T,C12789T,C12815T,C12880T,T13339C,C14408T,C15714T,T15756A,G17334T,C17410T,A18163G,A18492G,C18894T,C19955T,A20055G,C21618T,C21622T,G21624C,G21941T,G21987A,C22000A,T22032C,C22033A,A22034G,T22200G,C22208T,C22295A,C22353A,A22556G,G22577C,G22578A,G22599C,A22629C,C22674T,T22679C,C22686T,A22688G,G22770A,G22775A,A22786C,G22813T,T22882G,A22910G,C22916T,T22917G,T22926C,T22928C,T22942A,G22992A,C22995A,T23005A,G23012A,T23018C,T23019C,G23222A,C23271T,A23403G,C23423T,C23525T,T23599G,C23604G,C23854A,G23948T,C24378T,A24424T,T24469A,C24990T,C25000T,C25207T,C25584T,G25593T,C26060T,C26270T,G26529C,C26577G,A26610G,C26681T,G26709A,C26768T,G26769T,C26833T,C26858T,A27259C,G27382C,A27383T,T27384C,C27807T,T27810C,A28271T,C28311T,G28881A,G28882A,G28883C,C28958A,A29510C,C29535T","E:T9I,M:D3H,M:Q19E,M:T30A,M:A63T,M:A83S,M:A104V,N:P13L,N:R203K,N:G204R,N:Q229K,N:S413R,ORF1a:G82S,ORF1a:S135R,ORF1a:A211D,ORF1a:V1056L,ORF1a:G1307S,ORF1a:K1973R,ORF1a:T2093I,ORF1a:T2283I,ORF1a:N2526S,ORF1a:A2710T,ORF1a:T3255I,ORF1a:P3395H,ORF1a:V3593F,ORF1a:R3821K,ORF1a:T4175I,ORF1b:P314L,ORF1b:R1315C,ORF1b:I1566V,ORF1b:T2163I,ORF3a:K67N,ORF3a:T223I,ORF6:D61L,ORF7b:F19L,ORF8:K68E,ORF9b:P10S,S:T19I,S:R21T,S:A27S,S:V127F,S:G142D,S:H146Q,S:F157S,S:R158G,S:L212I,S:V213G,S:L216F,S:H245N,S:A264D,S:I332V,S:G339H,S:R346T,S:K356T,S:S371F,S:S373P,S:S375F,S:T376A,S:R403K,S:D405N,S:R408S,S:K417N,S:N440K,S:N450D,S:L452W,S:L455S,S:F456L,S:N460K,S:S477N,S:T478K,S:N481K,S:E484K,S:F486P,S:E554K,S:A570V,S:D614G,S:P621S,S:H655Y,S:N679K,S:P681R,S:N764K,S:D796Y,S:S939F,S:Q954H,S:N969K,S:P1143L",-6.0,1
USA/CA-CDPH-6000019921/2024,ncov,EPI_ISL_19304544,PQ121865,PQ121865.1,SRR30073948,2024-07-01,"North America",USA,California,,"North America",USA,California,genome,29649,"Homo sapiens",?,?,"24C (Omicron)",KP.3.1,?,"Kaiser Regional-49 Manteca","California Department of Public Health, IDLB VRDL/COVIDNet","Smith et al",https://www.ncbi.nlm.nih.gov/nuccore/PQ121865,,?,2024-08-01,2024-08-01,?,genbank,24C,Omicron,KP.3.1,1.526,-1.154,495.0,121.0,0.0,0.97595558974016,3.0,2.0,0.0,good,good,good,good,good,good,9.028549,good,,"11288-11296,21633-21641,21765-21770,21992-21994,22194-22196,23009-23011,28362-28370",21608:TCATGCCGCTGT,"C241T,T670G,C897A,C2790T,C3037T,G3431T,T3565C,G4184A,C4321T,G5300A,A6183G,C7113T,A7842G,C8293T,G8393A,C9344T,A9424G,C9534T,C10029T,C10198T,G10447A,C10449A,G11042T,G11727A,C12789T,C12815T,C12880T,T13339C,C14408T,G15372T,C15714T,T15756A,G17334T,C17410T,A18163G,A18492G,C18894T,A19722G,C19955T,A20055G,C21618T,C21622T,G21624C,C21711T,G21941T,G21987A,T22032C,C22033A,A22034G,T22200G,C22208T,C22295A,C22353A,A22556G,G22577C,G22578A,A22629C,C22674T,T22679C,C22686T,A22688G,G22770A,G22775A,A22786C,G22813T,T22882G,G22895C,T22896A,G22898A,A22910G,C22916T,T22917G,T22926C,T22928C,T22942A,G22992A,C22995A,T23005A,G23012A,T23018C,T23019C,C23039G,A23055G,A23063T,T23075C,G23222A,C23271T,A23403G,C23423T,C23525T,C23854A,G23948T,G24872T,C24990T,C25000T,C25207T,C25584T,C26060T,C26270T,G26529C,C26577G,A26610G,C26681T,G26709A,C26833T,C26858T,A27259C,G27382C,A27383T,T27384C,C27807T,T27810C,G28195A,A28271T,C28311T,G28881A,G28882A,G28883C,C28958A,C29218T,A29510C","E:T9I,M:D3H,M:Q19E,M:T30A,M:A63T,M:A104V,N:P13L,N:R203K,N:G204R,N:Q229K,N:S413R,ORF1a:S135R,ORF1a:A211D,ORF1a:T842I,ORF1a:V1056L,ORF1a:G1307S,ORF1a:A1679T,ORF1a:K1973R,ORF1a:T2283I,ORF1a:N2526S,ORF1a:A2710T,ORF1a:L3027F,ORF1a:T3090I,ORF1a:T3255I,ORF1a:P3395H,ORF1a:V3593F,ORF1a:R3821K,ORF1a:T4175I,ORF1b:P314L,ORF1b:R1315C,ORF1b:I1566V,ORF1b:T2163I,ORF3a:T223I,ORF6:D61L,ORF7b:F19L,ORF8:R101H,ORF9b:P10S,S:T19I,S:R21T,S:A27S,S:S50L,S:V127F,S:G142D,S:F157S,S:R158G,S:L212I,S:V213G,S:L216F,S:H245N,S:A264D,S:I332V,S:G339H,S:K356T,S:S371F,S:S373P,S:S375F,S:T376A,S:R403K,S:D405N,S:R408S,S:K417N,S:N440K,S:V445H,S:G446S,S:N450D,S:L452W,S:L455S,S:F456L,S:N460K,S:S477N,S:T478K,S:N481K,S:E484K,S:F486P,S:Q493E,S:Q498R,S:N501Y,S:Y505H,S:E554K,S:A570V,S:D614G,S:P621S,S:H655Y,S:N764K,S:D796Y,S:V1104L,S:P1143L",-1.0,1
USA/MD-MDH-10522/2024,ncov,EPI_ISL_19395474,PQ304301,PQ304301.1,,2024-08-18,"North America",USA,Maryland,,"North America",USA,Maryland,genome,29744,"Homo sapiens",?,?,"24E (Omicron)",KP.3.1.1,?,?,"Maryland Department of Health, DVI","Stegman et al",https://www.ncbi.nlm.nih.gov/nuccore/PQ304301,,?,2024-09-10,2024-09-10,?,genbank,24E,Omicron,KP.3.1.1,1.118,-0.948,489.0,116.0,0.0,0.980202655251981,1.0,1.0,2.0,good,good,good,good,good,good,8.996944,good,,"11288-11296,21633-21641,21765-21770,21992-21994,22194-22196,23009-23011,28362-28370,29734-29759",21608:TCATGCCGCTGT,"C44T,T670G,C897A,C3037T,G3431T,T3565C,G4184A,C4321T,A6183G,C7113T,A7842G,C8293T,G8393A,A9424G,C10029T,C10198T,G10447A,C10449A,G11042T,G11727A,C12616T,C12789T,C12815T,C12880T,A13121T,T13339C,C14408T,G15372T,C15714T,T15756A,G17334T,C17410T,A18163G,A18492G,C18894T,A19722G,C19955T,A20055G,C21618T,C21622T,G21624C,C21711T,G21941T,G21987A,T22032C,C22033A,A22034G,T22200G,C22208T,C22295A,C22353A,A22556G,G22577C,G22578A,A22629C,C22674T,T22679C,C22686T,A22688G,G22770A,G22775A,A22786C,G22813T,A22910G,C22916T,T22917G,T22926C,T22928C,T22942A,G22992A,C22995A,T23005A,G23012A,T23018C,T23019C,C23039G,G23222A,C23271T,A23403G,C23423T,C23525T,T23599G,C23604G,C23854A,G23948T,C24378T,A24424T,T24469A,C24990T,C25000T,C25207T,C25517T,C25572T,C25584T,C26060T,C26270T,G26529C,C26577G,A26610G,C26681T,G26709A,C26833T,A27259C,G27382C,A27383T,T27384C,C27807T,T27810C,C27881T,A28271T,C28311T,G28881A,G28882A,G28883C,C28958A,A29510C","E:T9I,M:D3H,M:Q19E,M:T30A,M:A63T,M:A104V,N:P13L,N:R203K,N:G204R,N:Q229K,N:S413R,ORF1a:S135R,ORF1a:A211D,ORF1a:V1056L,ORF1a:G1307S,ORF1a:K1973R,ORF1a:T2283I,ORF1a:N2526S,ORF1a:A2710T,ORF1a:T3255I,ORF1a:P3395H,ORF1a:V3593F,ORF1a:R3821K,ORF1a:T4175I,ORF1a:S4286C,ORF1b:P314L,ORF1b:R1315C,ORF1b:I1566V,ORF1b:T2163I,ORF3a:P42L,ORF3a:T223I,ORF6:D61L,ORF7b:F19L,ORF9b:P10S,S:T19I,S:R21T,S:A27S,S:S50L,S:V127F,S:G142D,S:F157S,S:R158G,S:L212I,S:V213G,S:L216F,S:H245N,S:A264D,S:I332V,S:G339H,S:K356T,S:S371F,S:S373P,S:S375F,S:T376A,S:R403K,S:D405N,S:R408S,S:K417N,S:N450D,S:L452W,S:L455S,S:F456L,S:N460K,S:S477N,S:T478K,S:N481K,S:E484K,S:F486P,S:Q493E,S:E554K,S:A570V,S:D614G,S:P621S,S:H655Y,S:N679K,S:P681R,S:N764K,S:D796Y,S:S939F,S:Q954H,S:N969K,S:P1143L",-8.0,1
USA/PR-CVL-026595/2024,ncov,EPI_ISL_19391777,PQ375771,PQ375771.1,SRR30793508,2024-08-16,"North America",USA,"Puerto Rico",,"North America",USA,"Puerto Rico",genome,29736,"Homo sapiens",?,Female,"24A (Omicron)",LF.1.1.1,?,"Laboratorio Borinquen","Puerto Rico Covid-19 Variant Surveillance Initiative, Puerto Rico Covid-19 Variant Surveillance Initiative","Acevedo-Marquez et al",https://www.ncbi.nlm.nih.gov/nuccore/PQ375771,,?,2024-09-25,2024-09-25,?,genbank,24A,Omicron,LF.1.1.1,1.706,0.318,485.0,130.0,0.0,0.980169213791258,5.0,1.0,1.0,good,good,good,good,good,good,8.976423,good,,"11288-11296,21633-21641,21653-21655,21765-21770,21992-21994,22194-22196,23009-23011,28362-28370,29734-29759",21608:TCATGCCGCTGT,"C241T,T670G,C897A,T1672C,A2580G,C2790T,C3037T,G3431T,T3565C,G4067A,G4184A,C4321T,A6183G,C6573T,A7842G,C8293T,G8393A,C9344T,A9424G,C9534T,C10029T,C10198T,G10447A,C10449A,G11042T,G11727A,C12025T,C12789T,C12815T,C12880T,T13339C,C14408T,C15714T,T15756A,G15957T,C16551T,C17410T,A18163G,A18492G,C18559T,C18894T,C18912T,T19209C,C19955T,A20055G,C21618T,C21622T,G21624C,C21711T,G21941T,G21987A,T22032C,C22033A,A22034G,T22200G,C22208T,C22295A,C22353A,A22556G,G22577C,G22578A,G22599C,A22629C,C22674T,T22679C,C22686T,A22688G,G22770A,G22775A,A22786C,G22813T,T22882G,G22895C,T22896A,G22898A,A22910G,C22916T,T22917G,T22926C,T22928C,T22942A,G22992A,C22995A,T23005A,G23012A,T23018C,T23019C,A23055G,A23063T,T23075C,G23222A,C23271T,A23403G,C23423T,C23525T,T23599G,C23604G,C23854A,G23948T,C24378T,A24424T,T24469A,C24990T,C25000T,C25207T,C25350T,C25584T,C26060T,C26270T,G26529C,C26577G,A26610G,C26681T,G26709A,C26833T,C26858T,A27259C,G27382C,A27383T,T27384C,C27807T,T27810C,C27972T,A28271T,C28311T,G28881A,G28882A,G28883C,C28958A,A29510C","E:T9I,M:D3H,M:Q19E,M:T30A,M:A63T,M:A104V,N:P13L,N:R203K,N:G204R,N:Q229K,N:S413R,ORF1a:S135R,ORF1a:A211D,ORF1a:E772G,ORF1a:T842I,ORF1a:V1056L,ORF1a:A1268T,ORF1a:G1307S,ORF1a:K1973R,ORF1a:S2103F,ORF1a:N2526S,ORF1a:A2710T,ORF1a:L3027F,ORF1a:T3090I,ORF1a:T3255I,ORF1a:P3395H,ORF1a:V3593F,ORF1a:R3821K,ORF1a:T4175I,ORF1b:P314L,ORF1b:R1315C,ORF1b:I1566V,ORF1b:L1698F,ORF1b:T2163I,ORF3a:T223I,ORF6:D61L,ORF7b:F19L,ORF8:Q27*,ORF9b:P10S,S:T19I,S:R21T,S:A27S,S:S50L,S:V127F,S:G142D,S:F157S,S:R158G,S:L212I,S:V213G,S:L216F,S:H245N,S:A264D,S:I332V,S:G339H,S:R346T,S:K356T,S:S371F,S:S373P,S:S375F,S:T376A,S:R403K,S:D405N,S:R408S,S:K417N,S:N440K,S:V445H,S:G446S,S:N450D,S:L452W,S:L455S,S:F456L,S:N460K,S:S477N,S:T478K,S:N481K,S:E484K,S:F486P,S:Q498R,S:N501Y,S:Y505H,S:E554K,S:A570V,S:D614G,S:P621S,S:H655Y,S:N679K,S:P681R,S:N764K,S:D796Y,S:S939F,S:Q954H,S:N969K,S:P1143L,S:P1263L",1.0,1
OZ223682,ncov,?,OZ223682,OZ223682.1,ERR14369526,2024-11-26,Europe,Slovakia,Slovakia,,Europe,Slovakia,Slovakia,genome,29835,"Homo sapiens",52,Male,"24H (Omicron)",LF.7.1.1,?,"Public Health Authority of the Slovak Republic","Science Park of Comenius University of Bratislava, Ilkovicova 8, 841 04 Bratislava","Sladecek et al",https://www.ncbi.nlm.nih.gov/nuccore/OZ223682,,?,2025-02-14,2025-02-15,?,genbank,24H,Omicron,LF.7.1.1,1.824,0.17,28.0,140.0,0.0,0.999063639099756,5.0,1.0,1.0,good,good,good,good,good,good,8.506944,good,,"11288-11296,21633-21641,21765-21770,21992-21994,22194-22196,23009-23011,28362-28370,29734-29759",,"C21T,C241T,T670G,C897A,C2790T,C3037T,G3431T,T3493C,T3565C,G4184A,C4321T,C5239T,A6183G,C6310T,A7842G,C7869T,C8293T,G8393A,C8818T,C9344T,A9424G,C9534T,C10029T,C10198T,G10447A,C10449A,G11042T,G11727A,C12789T,C12815T,C12880T,G12892A,T13339C,C14408T,C15714T,C15738T,T15756A,T16600C,C17410T,A18163G,A18492G,C18894T,C19955T,A20055G,C21618T,C21622T,G21624C,C21627A,T21653C,C21711T,G21941T,G21987A,T22032C,C22033A,A22034G,A22107G,G22132T,T22200G,C22208T,C22295A,C22353A,A22556G,G22577C,G22578A,G22599C,A22629C,C22674T,T22679C,C22686T,A22688G,G22770A,G22775A,A22786C,C22792T,G22813T,T22882G,A22893G,G22895C,T22896A,G22898A,A22910G,C22916T,T22917G,T22926C,T22928C,T22942A,G22992A,C22993T,C22995A,T23005A,G23012A,T23018C,T23019C,A23055G,A23063T,T23075C,C23127T,G23222A,C23271T,A23403G,C23423T,C23525T,A23592T,T23599G,C23604G,C23854A,G23948T,C24378T,A24424T,T24469A,C24912T,C24990T,C25000T,C25207T,C25584T,C26060T,C26270T,G26365T,G26529C,C26577G,A26610G,C26681T,G26709A,C26833T,C26858T,A27259C,G27382C,A27383T,T27384C,C27807T,T27810C,A28271T,T28297C,C28311T,G28881A,G28882A,G28883C,C28958A,C29119T,A29510C","E:T9I,E:A41S,M:D3H,M:Q19E,M:T30A,M:A63T,M:A104V,N:P13L,N:R203K,N:G204R,N:Q229K,N:S413R,ORF1a:S135R,ORF1a:A211D,ORF1a:T842I,ORF1a:V1056L,ORF1a:G1307S,ORF1a:K1973R,ORF1a:N2526S,ORF1a:S2535L,ORF1a:A2710T,ORF1a:L3027F,ORF1a:T3090I,ORF1a:T3255I,ORF1a:P3395H,ORF1a:V3593F,ORF1a:R3821K,ORF1a:T4175I,ORF1b:P314L,ORF1b:R1315C,ORF1b:I1566V,ORF1b:T2163I,ORF3a:T223I,ORF6:D61L,ORF7b:F19L,ORF9b:I5T,ORF9b:P10S,S:T19I,S:R21T,S:T22N,S:A27S,S:S31P,S:S50L,S:V127F,S:G142D,S:F157S,S:R158G,S:K182R,S:R190S,S:L212I,S:V213G,S:L216F,S:H245N,S:A264D,S:I332V,S:G339H,S:R346T,S:K356T,S:S371F,S:S373P,S:S375F,S:T376A,S:R403K,S:D405N,S:R408S,S:K417N,S:N440K,S:K444R,S:V445H,S:G446S,S:N450D,S:L452W,S:L455S,S:F456L,S:N460K,S:S477N,S:T478K,S:N481K,S:E484K,S:F486P,S:Q498R,S:N501Y,S:Y505H,S:A522V,S:E554K,S:A570V,S:D614G,S:P621S,S:H655Y,S:Q677L,S:N679K,S:P681R,S:N764K,S:D796Y,S:S939F,S:Q954H,S:N969K,S:T1117I,S:P1143L",9.0,1
USA/MD-MDH-10466/2024,ncov,EPI_ISL_19378597,PQ279056,PQ279056.1,,2024-08-08,"North America",USA,Maryland,,"North America",USA,Maryland,genome,29744,"Homo sapiens",?,?,"24B (Omicron)",LP.1,?,?,"Maryland Department of Health, DVI","Stegman et al",https://www.ncbi.nlm.nih.gov/nuccore/PQ279056,,?,2024-09-04,2024-09-04,?,genbank,24B,Omicron,LP.1,0.874,1.638,492.0,112.0,0.0,0.980102330869812,3.0,2.0,0.0,good,good,good,good,good,good,9.012623,good,,"11288-11296,21633-21641,21765-21770,21992-21994,22194-22196,23009-23011,28362-28370,29734-29759",21608:TCATGCCGCTGT,"C44T,T670G,C897A,C3037T,G3431T,T3455C,T3565C,G4184A,C4321T,C4999T,A6183G,C7113T,A7842G,C8293T,G8393A,C9344T,A9424G,C10029T,C10198T,G10447A,C10449A,G11042T,G11083T,G11727A,C12789T,C12815T,C12880T,T13339C,C14408T,T14508C,C15714T,T15756A,G17334T,C17410T,A18163G,T18300A,A18492G,C18894T,C19955T,A20055G,C21618T,C21622T,G21624C,C21711T,G21941T,G21987A,T22032C,C22033A,A22034G,T22200G,C22208T,C22295A,C22353A,A22556G,G22577C,G22578A,G22599C,A22629C,C22674T,T22679C,A22688G,G22770A,G22775A,A22786C,G22813T,T22942A,G22992A,C22995A,T23005A,G23012A,T23018C,T23019C,G23222A,C23271T,A23403G,C23423T,C23525T,T23599G,C23604G,C23854A,G23948T,C24378T,A24424T,T24469A,A24819G,G24872T,C24990T,C25000T,C25207T,G25249T,C25584T,C26060T,C26270T,G26529C,C26577G,A26610G,C26681T,G26709A,C26833T,A27259C,G27382C,A27383T,T27384C,C27807T,T27810C,A28271T,C28311T,G28881A,G28882A,G28883C,C28958A,A29510C","E:T9I,M:D3H,M:Q19E,M:T30A,M:A63T,M:A104V,N:P13L,N:R203K,N:G204R,N:Q229K,N:S413R,ORF1a:S135R,ORF1a:A211D,ORF1a:V1056L,ORF1a:Y1064H,ORF1a:G1307S,ORF1a:K1973R,ORF1a:T2283I,ORF1a:N2526S,ORF1a:A2710T,ORF1a:L3027F,ORF1a:T3255I,ORF1a:P3395H,ORF1a:V3593F,ORF1a:L3606F,ORF1a:R3821K,ORF1a:T4175I,ORF1b:P314L,ORF1b:R1315C,ORF1b:I1566V,ORF1b:T2163I,ORF3a:T223I,ORF6:D61L,ORF7b:F19L,ORF9b:P10S,S:T19I,S:R21T,S:A27S,S:S50L,S:V127F,S:G142D,S:F157S,S:R158G,S:L212I,S:V213G,S:L216F,S:H245N,S:A264D,S:I332V,S:G339H,S:R346T,S:K356T,S:S371F,S:S373P,S:T376A,S:R403K,S:D405N,S:R408S,S:K417N,S:N460K,S:S477N,S:T478K,S:N481K,S:E484K,S:F486P,S:E554K,S:A570V,S:D614G,S:P621S,S:H655Y,S:N679K,S:P681R,S:N764K,S:D796Y,S:S939F,S:Q954H,S:N969K,S:K1086R,S:V1104L,S:P1143L,S:M1229I",-14.0,1
USA/PR-CVL-031562/2025,ncov,EPI_ISL_19824728,PV483014,PV483014.1,SRR33088009,2025-03-14,"North America",USA,"Puerto Rico",,"North America",USA,"Puerto Rico",genome,29729,"Homo sapiens",?,Male,"25A (Omicron)",LP.8.1.1,?,"Laboratorio Clinico Toledo","Puerto Rico Covid-19 Variant Surveillance Initiative, Puerto Rico Covid-19 Variant Surveillance Initiative","Acevedo-Marquez et al",https://www.ncbi.nlm.nih.gov/nuccore/PV483014,,?,2025-04-11,2025-04-11,?,genbank,25A,Omicron,LP.8.1.1,0.828,0.073,450.0,125.0,0.0,0.981105574691502,5.0,1.0,1.0,good,good,good,good,good,good,8.815586,good,,"11288-11296,21633-21641,21653-21655,21765-21770,21992-21994,22194-22196,23009-23011,28362-28370,29734-29759",21608:TCATGCCGCTGT,"C241T,T670G,C897A,G1954A,C2048T,C2790T,C3037T,G3431T,T3565C,C4021T,G4184A,C4321T,C4999T,A6183G,C6255T,C7113T,A7842G,C8293T,C8299T,G8393A,C9344T,T9352C,A9424G,C9534T,C10029T,C10198T,G10447A,C10449A,G11042T,G11727A,C12789T,C12815T,C12880T,T13339C,C14189T,C14408T,C15714T,T15756A,G17334T,C17410T,A18163G,A18492G,C18894T,C19955T,A20055G,C21618T,C21622T,G21624C,C21711T,G21941T,G21987A,T22032C,C22033A,A22034G,C22120A,G22132T,T22200G,C22208T,C22295A,C22353A,A22556G,G22577C,G22578A,G22599C,A22629C,C22674T,T22679C,C22686T,A22688G,G22770A,G22775A,G22992A,C22995A,T23005A,G23012A,T23018C,T23019C,C23039G,A23055G,A23063T,T23075C,G23222A,C23271T,A23403G,C23423T,C23525T,A23598G,T23599G,C23604G,C23854A,G23948T,C24378T,A24424T,T24469A,A24819G,G24872T,C24990T,C25000T,C25207T,C25584T,C25925T,C26060T,C26270T,C26313T,G26529C,C26577G,A26610G,C26681T,G26709A,C26833T,C26858T,A27259C,G27382C,A27383T,T27384C,C27807T,T27810C,C28227T,A28271T,C28311T,G28881A,G28882A,G28883C,C28958A,A29510C","E:T9I,M:D3H,M:Q19E,M:T30A,M:A63T,M:A104V,N:P13L,N:R203K,N:G204R,N:Q229K,N:S413R,ORF1a:S135R,ORF1a:A211D,ORF1a:T842I,ORF1a:V1056L,ORF1a:G1307S,ORF1a:K1973R,ORF1a:A1997V,ORF1a:T2283I,ORF1a:N2526S,ORF1a:A2710T,ORF1a:L3027F,ORF1a:T3090I,ORF1a:T3255I,ORF1a:P3395H,ORF1a:V3593F,ORF1a:R3821K,ORF1a:T4175I,ORF1b:A241V,ORF1b:P314L,ORF1b:R1315C,ORF1b:I1566V,ORF1b:T2163I,ORF3a:P178L,ORF3a:T223I,ORF6:D61L,ORF7b:F19L,ORF8:H112Y,ORF9b:P10S,S:T19I,S:R21T,S:A27S,S:S50L,S:V127F,S:G142D,S:F157S,S:R158G,S:F186L,S:R190S,S:L212I,S:V213G,S:L216F,S:H245N,S:A264D,S:I332V,S:G339H,S:R346T,S:K356T,S:S371F,S:S373P,S:S375F,S:T376A,S:R403K,S:D405N,S:S477N,S:T478K,S:N481K,S:E484K,S:F486P,S:Q493E,S:Q498R,S:N501Y,S:Y505H,S:E554K,S:A570V,S:D614G,S:P621S,S:H655Y,S:N679R,S:P681R,S:N764K,S:D796Y,S:S939F,S:Q954H,S:N969K,S:K1086R,S:V1104L,S:P1143L",-6.0,1
USA/NY-PRL-250114_81F04/2024,ncov,?,PQ899058,PQ899058.1,,2024-12-17,"North America",USA,"New York",,"North America",USA,"New York",genome,29736,"Homo sapiens",?,?,"24I (Omicron)",MV.1,?,?,"NYC DOHMH, Bureau of the Public Health Laboratory","Twaddle et al",https://www.ncbi.nlm.nih.gov/nuccore/PQ899058,,?,2025-01-21,2025-01-21,?,genbank,24I,Omicron,MV.1,1.706,0.302,101.0,133.0,0.0,0.993311707855399,8.0,1.0,0.0,good,good,good,good,good,good,6.25,good,,"11288-11296,21633-21641,21765-21770,21992-21994,22194-22196,23009-23011,28362-28370,29734-29759",,"C241T,T670G,C897A,C936T,C2790T,C3037T,G3431T,T3565C,G4184A,C4321T,C5672T,A6183G,G7393T,A7842G,C8293T,G8393A,C8917T,C9344T,A9424G,C9534T,C10029T,C10165T,C10198T,G10447A,C10449A,T10489C,G11042T,G11727A,C12789T,C12815T,C12880T,T13339C,C14408T,C15714T,T15756A,A17085G,C17410T,A18163G,A18492G,C18894T,G19729A,C19955T,A20055G,C21618T,C21622T,G21624C,C21627A,C21654T,C21711T,G21941T,G21987A,T22032C,C22033A,A22034G,A22108C,T22200G,C22208T,C22295A,C22353A,A22556G,G22577C,G22578A,G22599C,A22629C,C22674T,T22679C,C22686T,A22688G,G22770A,G22775A,A22786C,G22813T,T22882G,G22895C,T22896A,G22898A,A22910G,C22916T,T22917G,T22926C,T22928G,T22942A,G22992A,T23005A,G23012A,T23018C,T23019C,A23055G,A23063T,T23075C,G23222A,C23271T,A23403G,C23423T,C23525T,T23599G,C23604G,C23683T,C23854A,G23948T,C24378T,A24424T,C24442T,T24469A,C24990T,C25000T,C25207T,C25584T,C25658T,C26060T,C26270T,G26529C,C26577G,A26610G,C26681T,G26709A,C26833T,C26858T,C27002T,A27259C,G27382C,A27383T,T27384C,C27807T,T27810C,A28271T,C28311T,G28881A,G28882A,G28883C,C28958A,A29510C,T29637A","E:T9I,M:D3H,M:Q19E,M:T30A,M:A63T,M:A104V,N:P13L,N:R203K,N:G204R,N:Q229K,N:S413R,ORF1a:S135R,ORF1a:A211D,ORF1a:T224I,ORF1a:T842I,ORF1a:V1056L,ORF1a:G1307S,ORF1a:P1803S,ORF1a:K1973R,ORF1a:N2526S,ORF1a:A2710T,ORF1a:L3027F,ORF1a:T3090I,ORF1a:T3255I,ORF1a:P3395H,ORF1a:V3593F,ORF1a:R3821K,ORF1a:T4175I,ORF1b:P314L,ORF1b:R1315C,ORF1b:I1566V,ORF1b:G2088S,ORF1b:T2163I,ORF3a:T89I,ORF3a:T223I,ORF6:D61L,ORF7b:F19L,ORF9b:P10S,S:T19I,S:R21T,S:T22N,S:A27S,S:S31F,S:S50L,S:V127F,S:G142D,S:F157S,S:R158G,S:K182N,S:L212I,S:V213G,S:L216F,S:H245N,S:A264D,S:I332V,S:G339H,S:R346T,S:K356T,S:S371F,S:S373P,S:S375F,S:T376A,S:R403K,S:D405N,S:R408S,S:K417N,S:N440K,S:V445H,S:G446S,S:N450D,S:L452W,S:L455S,S:F456V,S:N460K,S:S477N,S:N481K,S:E484K,S:F486P,S:Q498R,S:N501Y,S:Y505H,S:E554K,S:A570V,S:D614G,S:P621S,S:H655Y,S:N679K,S:P681R,S:N764K,S:D796Y,S:S939F,S:Q954H,S:N969K,S:P1143L",4.0,1
USA/CA-LACPHL-AY12681/2025,ncov,EPI_ISL_20092751,PX059619,PX059619.1,SRR34833723,2025-07-04,"North America",USA,California,,"North America",USA,California,genome,29694,"Homo sapiens",?,?,"25B (Omicron)",NB.1.8,?,"Los Angeles County Public Health Laboratory","Los Angeles County Public Health Lab microbial pathogen submission group, Los Angeles County Public Health Laboratories","Fox et al",https://www.ncbi.nlm.nih.gov/nuccore/PX059619,,?,2025-08-01,2025-08-01,?,genbank,25B,,NB.1.8.1,1.578,-1.211,323.0,147.0,0.0,0.984483162224526,9.0,1.0,0.0,good,good,good,good,good,good,8.514201,good,,"11288-11296,21633-21641,21765-21770,21992-21994,22194-22196,23009-23011,28362-28370,29734-29759",,"C241T,A405G,C541T,T670G,C823T,C1170T,G2095A,C2790T,C3037T,G3066A,A3174G,C3686T,G4184A,C4321T,C4683T,C5878T,C6501A,C7113T,C8299T,A8390G,G8844T,C9344T,A9424G,C9534T,C9866T,C10029T,A10042G,C10198T,G10447A,C10449A,C11572T,C12473T,C12854T,C12880T,C12924T,G13045A,G14290T,C14408T,G15451A,G15538A,T15573C,C15714T,C15738T,T15939C,C16323T,T16342C,C17138T,C17410T,T17859C,A18163G,C18646T,A19326G,C19955T,A20055G,G20176A,C21618T,C21622T,G21624C,C21627A,C21711T,T21738C,G21941T,G21987A,T22032C,C22033A,A22034G,G22112A,T22200G,C22208T,C22295A,C22353A,A22556G,G22577C,G22578A,A22629C,C22674T,T22679C,C22686T,A22688G,G22770A,G22775A,A22786C,G22813T,G22865T,T22882G,G22895C,T22896A,G22898A,A22910G,C22916T,T22917G,T22926C,T22930A,T22942A,G22992A,C22995T,T23005A,G23012A,T23018C,T23019C,C23039G,A23055G,A23063T,T23075C,G23222A,C23271T,A23403G,C23423T,C23525T,T23599G,C23604G,C23854A,G23948T,C24378T,A24424T,T24469A,C24990T,C25000T,C25207T,C25584T,C25671T,G25793A,C26060T,C26270T,G26529C,C26577G,A26610G,C26681T,G26709A,C26833T,C26858T,A27259C,G27382C,A27383T,T27384C,C27807T,T27810C,A28271T,T28297C,C28311T,C28432T,G28881A,G28882A,G28883C,T29164C,A29510C,C29580T","E:T9I,M:D3H,M:Q19E,M:T30A,M:A63T,M:A104V,N:P13L,N:R203K,N:G204R,N:S413R,ORF1a:K47R,ORF1a:S135R,ORF1a:S302F,ORF1a:T842I,ORF1a:G934D,ORF1a:Q970R,ORF1a:H1141Y,ORF1a:G1307S,ORF1a:A1473V,ORF1a:P2079Q,ORF1a:T2283I,ORF1a:I2709V,ORF1a:R2860I,ORF1a:L3027F,ORF1a:T3090I,ORF1a:L3201F,ORF1a:T3255I,ORF1a:P3395H,ORF1a:P4197S,ORF1a:P4220L,ORF1b:D275Y,ORF1b:P314L,ORF1b:G662S,ORF1b:V691I,ORF1b:S959P,ORF1b:S1224F,ORF1b:R1315C,ORF1b:I1566V,ORF1b:P1727S,ORF1b:T2163I,ORF1b:V2237I,ORF3a:R134H,ORF3a:T223I,ORF6:D61L,ORF7b:F19L,ORF9b:I5T,ORF9b:P10S,ORF9b:S50L,S:T19I,S:R21T,S:T22N,S:A27S,S:S50L,S:F59S,S:V127F,S:G142D,S:F157S,S:R158G,S:G184S,S:L212I,S:V213G,S:L216F,S:H245N,S:A264D,S:I332V,S:G339H,S:K356T,S:S371F,S:S373P,S:S375F,S:T376A,S:R403K,S:D405N,S:R408S,S:K417N,S:A435S,S:N440K,S:V445H,S:G446S,S:N450D,S:L452W,S:L455S,S:F456L,S:N460K,S:S477N,S:T478I,S:N481K,S:E484K,S:F486P,S:Q493E,S:Q498R,S:N501Y,S:Y505H,S:E554K,S:A570V,S:D614G,S:P621S,S:H655Y,S:N679K,S:P681R,S:N764K,S:D796Y,S:S939F,S:Q954H,S:N969K,S:P1143L",7.0,1
USA/MN-MDH-8185/2021,ncov,EPI_ISL_2612531,MZ412499,MZ412499.1,,2021-06-06,"North America",USA,Minnesota,,"North America",USA,Minnesota,genome,29777,"Homo sapiens",?,?,"20J (Gamma, V3)",P.1,?,?,"Minnesota Department of Health Infectious Disease Laboratory Submission Group, Public Health Laboratory - Infectious Disease Lab","Lorentz et al",https://www.ncbi.nlm.nih.gov/nuccore/MZ412499,,?,2021-06-18,2021-11-03,?,genbank,20J,Gamma,P.1,?,?,498.0,41.0,0.0,0.979299735812461,9.0,1.0,0.0,good,good,good,good,good,good,9.044722,good,,11288-11296,28262:AACA,"C241T,A497G,T733C,C2749T,C3037T,C3828T,A5648C,G6266A,A6319G,A6613G,T8622C,C12778T,C13860T,C14408T,G17259T,C19186T,C21614T,C21621A,C21638T,G21974T,G22132T,A22812C,G23012A,A23063T,A23403G,C23525T,C23692T,C24642T,G25088T,T25556G,T26149C,C27975T,G28167A,C28512G,A28877T,G28878C,G28881A,G28882A,G28883C,G29477T,G29511T","N:P80R,N:R203K,N:G204R,N:D402Y,N:S413I,ORF1a:T78A,ORF1a:S1188L,ORF1a:K1795Q,ORF1a:A2001T,ORF1a:I2786T,ORF1b:P314L,ORF1b:E1264D,ORF3a:V55G,ORF3a:S253P,ORF8:H28Y,ORF8:E92K,ORF9b:Q77E,S:L18F,S:T20N,S:P26S,S:D138Y,S:R190S,S:K417T,S:E484K,S:N501Y,S:D614G,S:H655Y,S:T1027I,S:V1176F",1.0,1
NZL/21MV0188/2021,ncov,EPI_ISL_1315325,OK433428,OK433428.1,?,2021-03-15,Oceania,"New Zealand",Auckland,"Counties Manukau",Oceania,"New Zealand",Auckland,genome,29766,"Homo sapiens",?,?,"21E (Theta)",P.3,?,"Middlemore Hospital","Institute of Environmental Science and Research, Health & Environment","Ren et al",https://www.ncbi.nlm.nih.gov/nuccore/OK433428,,?,2021-10-08,2021-10-08,?,genbank,21E,Theta,P.3,?,?,2.0,34.0,0.0,0.99588670033107,6.0,0.0,2.0,good,good,good,good,good,good,8.506944,good,,"21983-21991,22289-22294,28271",,"C241T,C3037T,G3782A,A4926G,C7564A,C8139T,C9133T,G9203A,T9867C,C11308A,C12049T,C12053T,G12224A,C12974T,T14370C,C14408T,C17074T,C17339T,C21597T,A22356G,G23012A,A23063T,T23341C,A23403G,C23604A,T24187A,G24836A,C24863T,G25088T,A27897C,G28881A,G28882A,G28883C,C29724T","N:R203K,N:G204R,ORF1a:V1173I,ORF1a:D1554G,ORF1a:S2625F,ORF1a:D2980N,ORF1a:L3201P,ORF1a:D3681E,ORF1a:L3930F,ORF1a:A3987T,ORF1b:P314L,ORF1b:L1203F,ORF1b:A1291V,ORF8:K2Q,S:S12F,S:Y265C,S:E484K,S:N501Y,S:D614G,S:P681H,S:E1092K,S:H1101Y,S:V1176F",6.0,1
USA/MA-CDCBI-CRSP_F7ST4SM5ZP5GPCTG/2021,ncov,EPI_ISL_4285683,OK177352,OK177352.1,SRR15961329,2021-09-08,"North America",USA,Massachusetts,,"North America",USA,Massachusetts,genome,29843,"Homo sapiens",?,?,recombinant,B.1,?,"Broad Institute Clinical Research Sequencing Platform","Broad Institute of Harvard and MIT, Infectious Disease Program","Lemieux et al",https://www.ncbi.nlm.nih.gov/nuccore/OK177352,,?,2021-09-18,2021-09-18,?,genbank,recombinant,recombinant,XB,?,?,488.0,41.0,0.0,0.982142259973916,11.0,0.0,1.0,good,good,good,good,good,good,8.991773,good,ORF3a:258-276,"11288-11296,26158-26161,28271",,"C241T,C3037T,C3688T,C3884T,C5812T,C6633T,A7142G,C9166T,A9614G,C9693T,A9754C,C14408T,G15451A,C16329T,C16466T,G18880T,C21057T,T21615G,C21846T,A22036C,T22882A,A23403G,C23604A,C23625T,T23765G,C24442T,C24642T,C26151T,C26222T,A26400G,C27059T,C27389T,C27769T,A27892G,G28048A,C28292A,A28330G,C28377T,C28854T,A28910T,C29730T","N:Q7K,N:A35V,N:S194L,N:N213Y,ORF1a:P1207S,ORF1a:A2123V,ORF1a:S2293G,ORF1a:T3117A,ORF1a:A3143V,ORF1a:R3163S,ORF1b:P314L,ORF1b:G662S,ORF1b:P1000L,ORF1b:A1805S,ORF7b:S5L,ORF8:R52K,ORF9b:D16G,ORF9b:R32C,S:L18R,S:T95I,S:R158S,S:N440K,S:D614G,S:P681H,S:A688V,S:S735A,S:T1027I",-14.0,1
USA/CA-CDPH-500121608/2023,ncov,EPI_ISL_18269865,OR563456,OR563456.1,SRR26437196,2023-08-07,"North America",USA,California,,"North America",USA,California,genome,29771,"Homo sapiens",?,?,"23B (Omicron)",XBB.1.16.16,?,"TPMG Regional Laboratory","California Department of Public Health, IDLB VRDL/COVIDNet","Scribner et al",https://www.ncbi.nlm.nih.gov/nuccore/OR563456,,?,2023-09-15,2023-09-15,?,genbank,23B,,XBB.1.16.16,0.968,0.866,498.0,107.0,0.0,0.980804601544996,7.0,0.0,2.0,good,good,good,good,good,good,9.044722,good,,"11288-11296,21633-21641,21992-21994,28362-28370,29734-29759",,"C44T,C241T,A405G,T670G,C1968T,C2790T,C3037T,G4184A,C4321T,T6552C,T7816C,C9344T,A9424G,C9534T,C9866T,C10029T,C10198T,G10447A,C10449A,C11750T,C11956T,T12730A,C12880T,C14408T,A14856G,G15451A,C15714T,C15738T,T15939C,T16342C,C17410T,T17859C,A18163G,G18703T,A19326G,C19955T,A20055G,A21137G,C21618T,T21810C,G21987A,C22000A,A22101T,C22109G,T22200A,G22317T,G22577C,G22578A,G22599C,C22664A,C22674T,T22679C,C22686T,A22688G,G22775A,A22786C,T22882G,G22895C,T22896C,G22898A,T22942G,G22992A,C22995G,A23013C,T23018C,T23019C,T23031C,A23055G,A23063T,T23075C,G23401T,A23403G,C23525T,T23599G,C23604A,C23854A,A24424T,T24469A,C25000T,C25416T,T25519A,C25584T,C26060T,C26270T,A26275G,C26577G,G26709A,C26858T,G27382C,A27383T,T27384C,C27807T,G27915T,T28251G,C28253T,A28254C,A28271T,T28297C,C28311T,A28447G,T28867C,G28881A,G28882A,G28883C,C29386T,G29508A,A29510C","E:T9I,E:T11A,M:Q19E,M:A63T,N:P13L,N:R203K,N:G204R,N:S412N,N:S413R,ORF1a:K47R,ORF1a:S135R,ORF1a:T568I,ORF1a:T842I,ORF1a:G1307S,ORF1a:M2096T,ORF1a:L3027F,ORF1a:T3090I,ORF1a:L3201F,ORF1a:T3255I,ORF1a:P3395H,ORF1a:L3829F,ORF1b:P314L,ORF1b:G662S,ORF1b:S959P,ORF1b:R1315C,ORF1b:I1566V,ORF1b:D1746Y,ORF1b:T2163I,ORF1b:K2557R,ORF3a:F43I,ORF3a:T223I,ORF6:D61L,ORF8:G8*,ORF8:F120V,ORF8:I121L,ORF9b:I5T,ORF9b:P10S,ORF9b:N55S,S:T19I,S:A27S,S:V83A,S:G142D,S:H146Q,S:E180V,S:Q183E,S:V213E,S:G252V,S:G339H,S:R346T,S:L368I,S:S371F,S:S373P,S:S375F,S:T376A,S:D405N,S:R408S,S:N440K,S:V445P,S:G446S,S:N460K,S:S477N,S:T478R,S:E484A,S:F486P,S:F490S,S:Q498R,S:N501Y,S:Y505H,S:Q613H,S:D614G,S:H655Y,S:N679K,S:P681H,S:N764K,S:Q954H,S:N969K",3.0,1
USA/CO-CDPHE-41232464/2023,ncov,EPI_ISL_18409827,OR983979,OR983979.1,SRR26722688,2023-09-01,"North America",USA,Colorado,,"North America",USA,Colorado,genome,29747,"Homo sapiens",?,?,"22F (Omicron)",XBB.1.42.1,?,"Colorado Department of Public Health and Environment","CDPHE SARS-CoV-2 submissions, Department of Microbiology","Matzinger et al",https://www.ncbi.nlm.nih.gov/nuccore/OR983979,,?,2023-12-18,2023-12-18,?,genbank,22F,,XBB.1.42.1,0.968,0.866,494.0,101.0,0.0,0.979266294351737,7.0,0.0,2.0,good,good,good,good,good,good,9.023213,good,,"11288-11296,21633-21641,21992-21994,28362-28370",,"C241T,A405G,T670G,C2790T,C3037T,G4184A,C4321T,C9344T,A9424G,C9534T,C9866T,C10029T,C10198T,G10447A,C10449A,C12439T,C12789T,C12880T,C14408T,G15451A,C15714T,C15738T,T15939C,T16342C,A16878T,C17410T,T17859C,A18163G,C18189T,C18788T,A19326G,A19515G,C19955T,A20055G,C21618T,C21622T,C21697A,T21810C,G21987A,C22000A,C22109G,T22200A,G22317T,G22577C,G22578A,G22599C,C22664A,C22674T,T22679C,C22686T,A22688G,G22775A,A22786C,G22813T,T22882G,G22895C,T22896C,G22898A,T22942G,G22992A,C22995G,A23013C,T23018C,T23019C,T23031C,A23055G,A23063T,T23075C,G23401T,A23403G,C23525T,T23599G,C23604A,C23854A,G23948T,A24424T,T24469A,C25000T,C25416T,C25584T,C26060T,A26120G,C26270T,A26275G,C26577G,G26709A,C26858T,A27259C,G27382C,A27383T,T27384C,C27807T,A28271T,T28297C,C28311T,G28881A,G28882A,G28883C,A29510C,G29543T,C29640T","E:T9I,E:T11A,M:Q19E,M:A63T,N:P13L,N:R203K,N:G204R,N:S413R,ORF1a:K47R,ORF1a:S135R,ORF1a:T842I,ORF1a:G1307S,ORF1a:L3027F,ORF1a:T3090I,ORF1a:L3201F,ORF1a:T3255I,ORF1a:P3395H,ORF1a:T4175I,ORF1b:P314L,ORF1b:G662S,ORF1b:S959P,ORF1b:R1315C,ORF1b:I1566V,ORF1b:T1774I,ORF1b:T2163I,ORF3a:T223I,ORF3a:H243R,ORF6:D61L,ORF9b:I5T,ORF9b:P10S,S:T19I,S:A27S,S:V83A,S:G142D,S:H146Q,S:Q183E,S:V213E,S:G252V,S:G339H,S:R346T,S:L368I,S:S371F,S:S373P,S:S375F,S:T376A,S:D405N,S:R408S,S:K417N,S:N440K,S:V445P,S:G446S,S:N460K,S:S477N,S:T478R,S:E484A,S:F486P,S:F490S,S:Q498R,S:N501Y,S:Y505H,S:Q613H,S:D614G,S:H655Y,S:N679K,S:P681H,S:N764K,S:D796Y,S:Q954H,S:N969K",-1.0,1
USA/NY-PRL-240925_82C07/2024,ncov,EPI_ISL_19454358,PQ391889,PQ391889.1,,2024-09-04,"North America",USA,"New York",,"North America",USA,"New York",genome,29741,"Homo sapiens",?,?,"24D (Omicron)",XDV.1.7.1,?,?,"NYC DOHMH, Bureau of the Public Health Laboratory","Opentrons et al",https://www.ncbi.nlm.nih.gov/nuccore/PQ391889,,?,2024-09-27,2024-09-27,?,genbank,24D,,XDV.1.7.1,1.513,0.207,483.0,129.0,0.0,0.980704277162826,9.0,1.0,0.0,good,good,good,good,good,good,8.966327,good,,"11288-11296,21633-21641,21765-21770,21992-21994,22194-22196,23009-23011,28362-28370,29734-29759",,"C222T,C241T,A405G,C541T,T670G,C1170T,A2419G,C2790T,C3037T,G4184A,C4321T,C5173T,C6501A,C7113T,C8683T,C8950T,G9203A,C9344T,A9424T,C9534T,C9866T,C10029T,A10042G,C10198T,G10447A,C10449A,G11534T,C11572T,C12473T,C12880T,C12924T,C14408T,G15451A,C15714T,C15738T,T15939C,T16342C,C17410T,T17859C,A18163G,A19326G,C19955T,A20055G,C21618T,C21622T,G21624C,C21627A,C21711T,G21746T,G21941T,G21987A,T22032C,C22033A,A22034G,T22200G,C22208T,C22295A,C22353A,A22556G,G22577C,G22578A,A22629C,C22674T,T22679C,C22686T,A22688G,G22770A,G22775A,A22786C,G22813T,T22882G,G22895C,T22896A,G22898A,A22910G,C22916T,T22917G,T22926C,T22930A,T22942A,G22992A,C22995A,T23005A,G23012A,T23018C,T23019C,A23055G,A23063T,T23075C,G23222A,C23271T,A23403G,C23423T,C23525T,T23599G,C23604G,C23625T,C23692T,C23854A,G23948T,C24378T,A24424T,T24469A,C24990T,C25000T,C25207T,C25584T,C26060T,C26270T,C26577G,C26681T,G26709A,C26858T,A27259C,G27382C,A27383T,T27384C,C27807T,T27810C,C27881T,A28271T,T28297C,C28311T,G28881A,G28882A,G28883C,T29479C,A29510C,G29717T","E:T9I,M:A63T,N:P13L,N:R203K,N:G204R,N:S413R,ORF1a:K47R,ORF1a:S135R,ORF1a:S302F,ORF1a:T842I,ORF1a:G1307S,ORF1a:P2079Q,ORF1a:T2283I,ORF1a:D2980N,ORF1a:L3027F,ORF1a:T3090I,ORF1a:L3201F,ORF1a:T3255I,ORF1a:P3395H,ORF1a:G3757C,ORF1a:P4220L,ORF1b:P314L,ORF1b:G662S,ORF1b:S959P,ORF1b:R1315C,ORF1b:I1566V,ORF1b:T2163I,ORF3a:T223I,ORF6:D61L,ORF7b:F19L,ORF9b:I5T,ORF9b:P10S,S:T19I,S:R21T,S:T22N,S:A27S,S:S50L,S:V62F,S:V127F,S:G142D,S:F157S,S:R158G,S:L212I,S:V213G,S:L216F,S:H245N,S:A264D,S:I332V,S:G339H,S:K356T,S:S371F,S:S373P,S:S375F,S:T376A,S:R403K,S:D405N,S:R408S,S:K417N,S:N440K,S:V445H,S:G446S,S:N450D,S:L452W,S:L455S,S:F456L,S:N460K,S:S477N,S:T478K,S:N481K,S:E484K,S:F486P,S:Q498R,S:N501Y,S:Y505H,S:E554K,S:A570V,S:D614G,S:P621S,S:H655Y,S:N679K,S:P681R,S:A688V,S:N764K,S:D796Y,S:S939F,S:Q954H,S:N969K,S:P1143L",4.0,1
USA/CT-DPH-1275486001/2025,ncov,EPI_ISL_19765831,PV239625,PV239625.1,SRR32590648,2025-01-28,"North America",USA,Connecticut,,"North America",USA,Connecticut,genome,29703,"Homo sapiens",?,?,"24F (Omicron)",XEC.8,?,"Connecticut State Public Health Laboratory","CT State Public Health Laboratory Submission Group, Katherine A. Kelley State Public Health Laboratory","Incekara et al",https://www.ncbi.nlm.nih.gov/nuccore/PV239625,,?,2025-03-06,2025-03-06,?,genbank,24F,,XEC.8,1.526,-1.154,453.0,135.0,0.0,0.980135772330535,11.0,0.0,1.0,good,good,good,good,good,good,8.828056,good,,"11288-11296,21765-21770,21992-21994,22194-22196,23009-23011,28362-28370,29734-29759",,"C241T,T670G,C897A,G2060A,C2433T,C2644T,C2790T,C3037T,G3431T,T3565C,G4184A,C4321T,A6183G,A7842G,C8293T,G8393A,C9344T,A9424G,C9534T,C10029T,C10198T,G10447A,C10449A,G11042T,C12789T,C12815T,C12880T,T13339C,G14346T,C14408T,C15714T,T15756A,T16990C,C17410T,C18117T,A18163G,A18492G,C18512T,C18657T,C18894T,C19716T,C19955T,A20055G,C21711T,T21738C,G21941T,G21987A,T22032C,C22033A,A22034G,T22200G,C22208T,C22295A,C22353A,A22556G,G22577C,G22578A,A22629C,C22674T,T22679C,C22686T,A22688G,G22770A,G22775A,A22786C,G22813T,T22882G,G22895C,T22896A,G22898A,A22910G,C22916T,T22917G,T22926C,T22928C,T22942A,G22992A,C22995A,T23005A,G23012A,T23018C,T23019C,C23039G,A23055G,A23063T,T23075C,G23222A,C23271T,A23403G,C23423T,C23525T,T23599G,C23604G,C23854A,G23948T,C24130T,T24376C,C24378T,A24424T,T24469A,G24872T,C24990T,C25000T,C25006T,C25207T,C25517T,C25584T,C26060T,C26270T,G26529C,C26577G,A26610G,C26681T,G26709A,C26833T,C26858T,A26915G,A27259C,G27382C,A27383T,T27384C,C27807T,T27810C,T27995C,A28271T,C28291A,C28311T,G28881A,G28882A,G28883C,G28884C,C28958A,A29510C,G29543A,A29771G","E:T9I,M:D3H,M:Q19E,M:T30A,M:A63T,M:A104V,N:P13L,N:R203K,N:G204P,N:Q229K,N:S413R,ORF1a:S135R,ORF1a:A211D,ORF1a:A599T,ORF1a:S723F,ORF1a:T842I,ORF1a:V1056L,ORF1a:G1307S,ORF1a:K1973R,ORF1a:N2526S,ORF1a:A2710T,ORF1a:L3027F,ORF1a:T3090I,ORF1a:T3255I,ORF1a:P3395H,ORF1a:V3593F,ORF1a:T4175I,ORF1b:L293F,ORF1b:P314L,ORF1b:R1315C,ORF1b:I1566V,ORF1b:P1682L,ORF1b:T2163I,ORF3a:P42L,ORF3a:T223I,ORF6:D61L,ORF7b:F19L,ORF9b:P3H,ORF9b:P10S,S:S50L,S:F59S,S:V127F,S:G142D,S:F157S,S:R158G,S:L212I,S:V213G,S:L216F,S:H245N,S:A264D,S:I332V,S:G339H,S:K356T,S:S371F,S:S373P,S:S375F,S:T376A,S:R403K,S:D405N,S:R408S,S:K417N,S:N440K,S:V445H,S:G446S,S:N450D,S:L452W,S:L455S,S:F456L,S:N460K,S:S477N,S:T478K,S:N481K,S:E484K,S:F486P,S:Q493E,S:Q498R,S:N501Y,S:Y505H,S:E554K,S:A570V,S:D614G,S:P621S,S:H655Y,S:N679K,S:P681R,S:N764K,S:D796Y,S:S939F,S:Q954H,S:N969K,S:V1104L,S:P1143L",3.0,1
USA/CA-LACPHL-AY14066/2025,ncov,EPI_ISL_20172405,PX393327,PX393327.1,,2025-08-16,"North America",USA,California,,"North America",USA,California,genome,29706,"Homo sapiens",?,?,"25C (Omicron)",XFG,?,?,"Los Angeles County Public Health Lab microbial pathogen submission group, Los Angeles County Public Health Laboratories","Fox et al",https://www.ncbi.nlm.nih.gov/nuccore/PX393327,,?,2025-09-18,2025-09-18,?,genbank,25C,,XFG.23.1,1.891,-2.789,488.0,148.0,0.0,0.97896532120523,7.0,0.0,2.0,good,good,good,good,good,good,8.991773,good,,"11288-11296,21633-21641,21765-21770,21992-21994,22194-22196,23009-23011,28362-28370,29734-29759",21607:GNNNNNNNNNNN,"G174T,C241T,T606C,T670G,C897A,C1288T,C2790T,C3037T,G3431T,T3565C,G4184A,T4214C,C4321T,C4901A,C5239T,A6183G,A7842G,C7869T,C8293T,T8350C,G8393A,C8818T,C9344T,A9424G,C9534T,C10029T,C10198T,G10447A,C10449A,G11042T,G11727A,C12789T,C12815T,C12880T,G12892A,T13339C,C14408T,T14895C,C15714T,T15756A,C16173T,T16600C,C17410T,A18163G,A18492G,C18894T,A20055G,C20235T,C20970T,C21618T,C21622T,G21624C,C21627A,T21653C,C21711T,G21941T,G21987A,T22032C,C22033A,A22034G,A22107G,G22132T,T22200G,C22208T,C22295A,C22353A,A22556G,G22567T,G22577C,G22578A,G22599C,A22629C,C22674T,T22679C,C22686T,A22688G,G22770A,G22775A,A22786C,C22792T,G22813T,T22882G,A22893G,G22895C,T22896G,G22898A,A22910G,C22916T,T22917G,T22926C,T22928C,T22942A,G22992A,C22995A,T23005A,G23012A,T23018C,T23019C,A23021G,C23039G,A23055G,A23063T,T23075C,G23222A,C23271T,C23277T,A23403G,C23423T,C23525T,T23599G,C23604G,C23854A,G23948T,C24378T,A24424T,T24469A,C24990T,C25000T,C25207T,C25584T,C26060T,C26270T,G26529C,C26577G,A26610G,C26681T,G26709A,C26833T,C26858T,A27259C,G27382C,A27383T,T27384C,G27490A,C27807T,T27810C,A28271T,T28297C,C28311T,C28473A,G28881A,G28882A,G28883C,C28958A,C29137T,C29367T,C29409T,A29510C","E:T9I,M:D3H,M:Q19E,M:T30A,M:A63T,M:A104V,N:P13L,N:P67H,N:R203K,N:G204R,N:Q229K,N:P365L,N:T379I,N:S413R,ORF1a:I114T,ORF1a:S135R,ORF1a:A211D,ORF1a:T842I,ORF1a:V1056L,ORF1a:G1307S,ORF1a:L1546I,ORF1a:K1973R,ORF1a:N2526S,ORF1a:S2535L,ORF1a:A2710T,ORF1a:L3027F,ORF1a:T3090I,ORF1a:T3255I,ORF1a:P3395H,ORF1a:V3593F,ORF1a:R3821K,ORF1a:T4175I,ORF1b:P314L,ORF1b:R1315C,ORF1b:I1566V,ORF3a:T223I,ORF6:D61L,ORF7a:E33K,ORF7b:F19L,ORF9b:I5T,ORF9b:P10S,ORF9b:L64I,S:R21T,S:T22N,S:A27S,S:S31P,S:S50L,S:V127F,S:G142D,S:F157S,S:R158G,S:K182R,S:R190S,S:L212I,S:V213G,S:L216F,S:H245N,S:A264D,S:I332V,S:L335F,S:G339H,S:R346T,S:K356T,S:S371F,S:S373P,S:S375F,S:T376A,S:R403K,S:D405N,S:R408S,S:K417N,S:N440K,S:K444R,S:V445R,S:G446S,S:N450D,S:L452W,S:L455S,S:F456L,S:N460K,S:S477N,S:T478K,S:N481K,S:E484K,S:F486P,S:N487D,S:Q493E,S:Q498R,S:N501Y,S:Y505H,S:E554K,S:A570V,S:T572I,S:D614G,S:P621S,S:H655Y,S:N679K,S:P681R,S:N764K,S:D796Y,S:S939F,S:Q954H,S:N969K,S:P1143L",7.0,1
